station_abbr;station_name;year;n_hours;t_mean_annual_c;t_min_annual_c;t_max_annual_c;t_mean_summer_c;t_p95_summer_c;t_p99_summer_c;cdh_24;cdh_26;hours_above_24;hours_above_26;hours_above_28;hours_above_30;night_hours_below_18;hot_nights_min_gt_18;night_hours_below_20;hot_nights_min_gt_20
ANT;Andermatt;2013;1032;-5.272;-20.2;8.3;;;;0.0;0.0;0;0;0;0;0;0;0;0
ANT;Andermatt;2014;8760;5.04;-18.9;25.6;11.454;18.7;23.4;11.4;0.0;16;0;0;0;820;0;828;0
ANT;Andermatt;2015;8760;4.536;-19.8;28.6;13.868;23.465;25.693;109.2;11.8;84;13;3;0;820;0;828;0
ANT;Andermatt;2016;8784;4.27;-20.6;26.2;12.24;21.1;23.8;14.4;0.2;17;1;0;0;828;0;828;0
ANT;Andermatt;2017;8760;4.15;-22.4;26.6;13.456;22.265;24.093;22.3;0.6;23;1;0;0;823;0;828;0
ANT;Andermatt;2018;8760;5.129;-24.1;26.7;13.484;21.9;24.4;30.0;1.0;31;2;0;0;827;0;828;0
ANT;Andermatt;2019;8760;4.617;-24.0;28.3;13.862;22.4;26.893;135.4;37.1;67;35;4;0;821;0;828;0
ANT;Andermatt;2020;8784;5.133;-15.9;25.8;12.481;20.965;23.8;15.8;0.0;18;0;0;0;826;0;828;0
ANT;Andermatt;2021;8760;3.726;-23.0;26.4;12.456;20.3;23.393;19.8;0.4;17;1;0;0;825;0;828;0
ANT;Andermatt;2022;8760;5.392;-22.9;26.9;14.236;22.1;25.093;53.5;3.7;44;10;0;0;810;0;827;0
ANT;Andermatt;2023;8760;5.35;-21.8;28.1;13.633;22.6;25.1;72.1;10.3;60;8;1;0;817;0;828;0
ANT;Andermatt;2024;8784;5.272;-20.8;26.8;14.019;22.2;24.786;45.9;3.1;37;7;0;0;827;0;828;0
BAS;Bale;1981;8760;9.676;-10.4;30.2;17.139;25.8;28.486;456.6;163.0;195;99;32;3;737;2;817;0
BAS;Bale;1982;8760;10.338;-7.2;31.7;18.385;26.4;29.586;636.6;238.4;268;129;49;13;700;4;797;0
BAS;Bale;1983;8760;10.317;-7.8;37.7;19.878;29.065;32.5;1619.1;845.8;484;287;164;75;630;7;749;2
BAS;Bale;1984;8784;9.493;-6.7;34.5;17.542;26.3;31.2;688.9;348.4;227;119;62;37;765;1;812;0
BAS;Bale;1985;8760;9.099;-19.2;35.1;17.825;26.6;30.3;716.2;315.0;267;132;52;26;721;0;801;0
BAS;Bale;1986;8760;9.456;-14.8;34.8;17.937;27.3;29.9;967.8;392.5;363;205;84;18;690;4;785;0
BAS;Bale;1987;8760;9.495;-22.1;31.0;17.44;25.9;28.979;520.6;207.7;206;108;44;11;675;6;790;0
BAS;Bale;1988;8784;10.563;-8.9;32.3;17.876;26.4;29.1;599.4;245.7;242;122;51;14;722;5;799;0
BAS;Bale;1989;8760;10.659;-8.3;34.4;18.324;26.765;30.2;797.3;323.4;332;144;61;26;676;3;782;1
BAS;Bale;1990;8760;10.91;-6.1;33.9;18.286;27.8;30.6;1049.9;486.2;349;202;91;39;699;3;794;0
BAS;Bale;1991;8760;10.046;-13.5;32.5;18.946;27.5;30.293;1048.0;430.9;395;218;89;26;628;11;760;0
BAS;Bale;1992;8784;10.703;-8.8;34.0;19.439;28.7;31.793;1302.2;661.5;390;241;138;66;586;12;719;2
BAS;Bale;1993;8760;10.274;-11.8;32.3;18.181;27.0;29.3;772.6;306.9;293;165;66;12;672;5;804;0
BAS;Bale;1994;8760;11.598;-7.4;34.1;20.16;29.3;31.993;1689.7;860.1;505;323;181;73;480;22;702;2
BAS;Bale;1995;8760;10.528;-9.5;33.4;18.701;28.1;30.7;1074.0;503.5;360;209;112;34;610;10;751;1
BAS;Bale;1996;8784;9.386;-14.6;31.7;18.056;26.4;28.993;598.9;205.1;266;130;36;6;703;3;808;0
BAS;Bale;1997;8760;10.706;-12.1;30.8;18.708;27.065;29.393;828.4;309.5;340;184;65;6;652;8;796;0
BAS;Bale;1998;8760;10.797;-8.2;34.8;18.902;28.465;32.4;1200.1;649.0;345;202;124;63;612;6;754;3
BAS;Bale;1999;8760;10.969;-13.6;31.9;18.725;26.1;29.193;579.3;214.4;258;113;39;13;615;12;764;1
BAS;Bale;2000;8784;11.783;-10.1;32.5;18.875;27.765;30.293;978.1;451.4;324;193;98;27;630;8;776;0
BAS;Bale;2001;8760;10.78;-12.0;33.0;18.756;27.7;30.5;1030.1;461.0;344;213;96;35;650;1;782;0
BAS;Bale;2002;8760;11.232;-9.8;34.3;18.934;27.2;30.1;873.5;396.8;314;170;82;25;665;8;781;0
BAS;Bale;2003;8760;11.449;-10.8;38.0;22.786;32.465;35.7;3589.5;2134.6;845;606;364;197;332;35;581;11
BAS;Bale;2004;8784;10.606;-10.2;31.5;18.992;27.8;30.1;984.8;444.3;335;204;98;24;605;9;764;1
BAS;Bale;2005;8760;10.426;-13.7;34.2;18.636;28.2;31.4;1056.8;557.2;304;193;114;53;657;9;753;3
BAS;Bale;2006;8760;10.921;-8.5;34.7;19.575;29.6;32.2;1700.8;927.6;456;313;196;91;543;16;702;3
BAS;Bale;2007;8760;11.322;-8.4;33.3;18.401;26.0;29.893;636.3;258.4;268;109;47;21;655;6;782;0
BAS;Bale;2008;8784;10.804;-6.4;31.3;18.863;26.965;29.486;771.8;283.3;321;158;54;12;611;10;750;0
BAS;Bale;2009;8760;11.177;-15.3;34.2;19.627;27.865;30.393;1078.6;482.2;382;218;103;31;523;13;706;0
BAS;Bale;2010;8760;9.959;-10.8;34.9;19.327;28.9;31.9;1420.6;750.1;409;267;155;65;580;14;723;2
BAS;Bale;2011;8760;11.683;-7.3;34.9;18.591;27.7;32.593;964.0;501.5;304;165;98;46;643;9;750;2
BAS;Bale;2012;8784;10.904;-18.5;34.1;19.409;27.7;31.8;1103.5;543.0;371;198;97;56;614;11;751;4
BAS;Bale;2013;8760;10.324;-9.6;37.0;19.575;28.5;32.8;1481.4;770.1;445;275;130;75;585;13;717;4
BAS;Bale;2014;8760;11.888;-12.7;35.3;18.586;26.9;31.5;836.6;422.5;264;157;77;43;691;3;790;1
BAS;Bale;2015;8760;11.739;-6.6;36.8;21.025;31.365;34.9;2657.1;1613.6;602;433;284;180;475;28;612;12
BAS;Bale;2016;8784;10.955;-6.6;34.3;19.572;28.3;31.9;1316.2;666.9;414;245;133;62;577;9;729;0
BAS;Bale;2017;8760;11.412;-9.8;33.7;20.763;29.665;32.293;1929.5;1008.2;572;362;207;92;482;20;664;6
BAS;Bale;2018;8760;12.274;-10.6;34.2;21.219;30.1;32.893;2198.7;1159.9;633;397;240;114;462;18;664;3
BAS;Bale;2019;8760;11.654;-5.5;37.2;20.774;30.2;34.4;2289.7;1301.4;576;400;234;118;521;16;667;7
BAS;Bale;2020;8784;12.136;-4.2;36.2;20.109;29.2;32.4;1780.3;932.1;529;328;179;87;550;14;685;3
BAS;Bale;2021;8760;10.643;-11.1;32.0;18.982;26.9;30.3;801.4;337.3;301;159;73;29;675;6;760;2
BAS;Bale;2022;8760;12.583;-8.6;36.4;21.61;30.4;33.793;2629.8;1457.1;693;472;285;131;503;14;667;5
BAS;Bale;2023;8729;12.704;-6.7;36.1;21.099;29.6;33.593;2069.3;1075.1;608;381;203;94;452;25;637;6
BAS;Bale;2024;8784;12.2;-8.7;35.1;20.638;29.265;32.3;1788.6;917.1;525;337;187;77;488;19;680;3
BER;Bern;1981;8760;8.385;-14.2;30.6;16.375;25.665;28.1;423.6;136.4;194;90;24;5;797;0;827;0
BER;Bern;1982;8760;9.015;-10.2;29.9;17.114;25.3;27.9;381.8;117.6;197;83;22;0;776;1;819;0
BER;Bern;1983;8760;8.842;-9.8;34.5;18.624;27.9;31.786;1128.6;565.2;353;213;106;55;722;3;792;0
BER;Bern;1984;8784;8.106;-10.3;30.3;16.597;24.9;28.779;367.0;139.7;169;71;30;6;795;0;824;0
BER;Bern;1985;8760;7.914;-20.2;31.4;16.869;25.965;28.8;546.3;202.7;232;109;40;10;782;0;818;0
BER;Bern;1986;8760;8.358;-16.5;31.5;16.856;26.6;28.9;662.4;248.7;271;142;52;9;769;0;807;0
BER;Bern;1987;8760;8.243;-20.7;31.4;16.499;26.2;28.893;545.5;220.2;208;115;47;8;774;0;821;0
BER;Bern;1988;8784;9.176;-9.9;30.8;16.976;26.0;28.4;485.5;178.6;196;109;34;5;786;0;822;0
BER;Bern;1989;8760;9.106;-7.0;31.0;17.016;25.165;28.3;377.0;124.1;197;65;27;4;797;0;827;0
BER;Bern;1990;8760;9.379;-9.5;31.9;17.265;26.8;29.793;767.0;304.8;289;160;63;17;778;0;821;0
BER;Bern;1991;8760;8.59;-14.2;31.0;17.82;26.5;29.093;735.1;220.2;352;158;41;5;753;0;817;0
BER;Bern;1992;8784;9.158;-13.5;32.6;18.029;28.0;30.6;998.3;490.8;316;192;109;36;714;2;805;0
BER;Bern;1993;8760;8.936;-12.1;31.3;17.123;26.6;28.593;584.7;213.4;236;136;39;5;788;0;823;0
BER;Bern;1994;8760;10.366;-8.9;32.7;19.038;28.3;30.7;1227.8;573.2;411;252;127;35;650;6;786;0
BER;Bern;1995;8760;9.134;-13.5;32.9;17.677;26.865;30.193;779.7;333.7;292;149;75;24;732;2;810;0
BER;Bern;1996;8784;8.291;-11.1;29.9;16.896;25.2;27.6;321.9;82.5;180;65;16;0;796;0;827;0
BER;Bern;1997;8760;9.544;-9.5;29.3;17.402;26.165;27.993;496.9;144.1;238;116;18;0;773;1;826;0
BER;Bern;1998;8760;9.482;-10.1;33.6;18.331;27.9;32.093;1033.5;515.7;332;183;102;42;690;5;798;0
BER;Bern;1999;8760;9.584;-13.1;30.4;17.755;25.5;28.1;400.0;115.8;204;75;24;4;731;1;813;0
BER;Bern;2000;8784;10.197;-13.2;29.8;17.754;26.665;28.6;633.9;222.0;261;144;49;0;754;0;817;0
BER;Bern;2001;8760;9.755;-13.0;30.2;18.016;27.0;28.993;733.8;274.9;299;155;60;1;733;0;815;0
BER;Bern;2002;8760;9.844;-10.1;32.3;17.819;26.9;29.993;732.8;340.5;253;145;77;22;739;4;796;1
BER;Bern;2003;8760;9.878;-14.9;35.8;21.121;30.665;34.1;2578.4;1428.4;683;454;260;135;625;3;766;1
BER;Bern;2004;8784;9.137;-9.7;30.1;17.394;26.2;28.5;507.2;169.2;226;119;31;1;766;1;817;0
BER;Bern;2005;8760;8.88;-15.5;33.1;17.789;27.6;30.7;879.6;441.8;268;169;99;37;757;0;804;0
BER;Bern;2006;8760;9.421;-12.2;33.1;18.219;28.6;31.393;1265.0;619.3;387;250;133;45;683;1;796;0
BER;Bern;2007;8760;9.509;-10.2;30.2;17.032;25.2;27.9;359.0;108.0;184;67;21;2;763;0;822;0
BER;Bern;2008;8784;9.046;-9.5;30.9;17.581;25.9;28.693;526.9;169.4;252;104;41;6;728;0;812;0
BER;Bern;2009;8760;9.486;-11.9;32.9;18.261;26.8;29.393;717.3;279.8;290;148;54;14;679;3;811;0
BER;Bern;2010;8760;8.642;-15.5;32.5;18.109;27.4;29.993;843.3;382.8;291;172;82;21;661;7;778;0
BER;Bern;2011;8760;10.152;-10.1;32.5;17.606;26.4;30.0;643.6;293.1;226;122;61;22;688;3;792;0
BER;Bern;2012;8784;9.256;-18.1;32.9;18.221;27.1;30.3;778.8;353.7;281;156;73;27;725;1;793;0
BER;Bern;2013;8760;8.736;-11.7;33.9;18.259;27.5;30.893;970.8;447.3;331;184;97;40;681;3;777;0
BER;Bern;2014;8760;10.055;-12.4;30.5;17.104;24.9;28.6;362.5;134.8;155;74;30;2;782;0;819;0
BER;Bern;2015;8760;10.011;-10.2;36.6;19.848;30.1;33.0;1975.2;1138.1;499;338;230;115;590;14;727;0
BER;Bern;2016;8784;9.428;-12.7;31.6;18.219;27.2;30.1;848.8;357.7;314;173;71;25;694;3;794;1
BER;Bern;2017;8760;9.683;-14.9;32.9;19.269;28.1;30.593;1211.1;539.8;428;244;114;39;646;6;754;2
BER;Bern;2018;8760;10.57;-14.2;32.6;19.574;28.7;31.4;1367.4;675.9;439;262;145;53;671;6;780;0
BER;Bern;2019;8760;10.07;-8.0;34.8;19.504;29.0;33.1;1524.5;789.1;454;283;147;72;624;5;749;1
BER;Bern;2020;8784;10.325;-5.5;33.1;18.344;27.3;29.993;872.1;370.3;329;174;73;20;688;2;778;0
BER;Bern;2021;8760;9.256;-9.7;30.3;18.015;26.2;29.0;522.4;199.3;220;115;43;3;729;3;799;0
BER;Bern;2022;8760;10.975;-9.0;34.5;20.022;28.9;32.1;1658.8;821.8;520;316;159;70;653;6;762;0
BER;Bern;2023;8760;11.099;-12.0;34.3;20.014;28.965;33.093;1580.3;812.0;498;268;157;73;580;14;733;0
BER;Bern;2024;8784;10.643;-9.8;32.7;19.489;28.0;29.7;1081.8;470.9;388;224;108;18;572;10;757;0
CHU;Coire;1981;8760;8.609;-14.6;31.0;16.745;25.8;27.993;454.4;135.0;221;98;22;2;760;0;812;0
CHU;Coire;1982;8760;9.689;-9.0;30.3;17.907;26.7;28.893;646.2;238.8;269;141;52;3;772;0;816;0
CHU;Coire;1983;8760;9.228;-11.8;36.7;18.6;28.065;32.193;1168.6;600.2;369;214;111;49;707;5;770;1
CHU;Coire;1984;8784;8.357;-14.3;34.5;16.359;25.0;31.4;503.6;280.8;152;83;50;34;761;2;801;0
CHU;Coire;1985;8760;8.138;-20.8;31.1;16.479;25.8;29.3;493.8;208.4;194;101;50;15;766;0;813;0
CHU;Coire;1986;8760;9.057;-15.1;33.1;17.005;26.2;28.7;597.8;193.5;278;123;33;9;752;1;805;0
CHU;Coire;1987;8760;8.499;-18.5;30.0;16.143;25.4;28.2;394.9;122.1;190;85;26;0;762;0;822;0
CHU;Coire;1988;8784;9.595;-8.5;33.0;17.174;26.6;29.0;636.5;261.6;243;134;49;16;751;1;806;0
CHU;Coire;1989;8760;9.876;-10.1;32.9;17.14;25.8;28.4;495.1;153.7;242;90;29;6;778;0;814;0
CHU;Coire;1990;8760;9.914;-11.4;32.1;17.484;26.9;29.4;768.8;306.0;302;158;61;14;767;0;818;0
CHU;Coire;1991;8760;9.109;-13.1;32.7;18.223;27.3;29.886;961.1;375.6;380;197;65;21;687;4;801;0
CHU;Coire;1992;8784;9.791;-11.9;35.3;18.929;28.7;32.093;1331.6;712.5;384;247;140;67;642;7;758;1
CHU;Coire;1993;8760;9.351;-14.0;32.4;17.212;26.4;29.386;622.0;257.1;234;128;52;17;729;2;808;0
CHU;Coire;1994;8760;10.746;-7.9;33.3;19.262;28.5;31.693;1521.1;748.4;472;297;153;59;643;4;760;0
CHU;Coire;1995;8760;9.476;-12.1;35.1;17.51;27.4;30.793;876.1;408.5;288;175;76;30;748;1;804;0
CHU;Coire;1996;8784;9.135;-10.6;30.6;17.398;25.9;28.3;478.0;144.7;231;100;28;2;790;0;827;0
CHU;Coire;1997;8760;10.014;-9.3;31.3;17.369;26.165;28.7;537.1;188.1;234;117;36;5;771;0;806;0
CHU;Coire;1998;8760;9.983;-8.9;35.4;18.551;28.2;31.9;1146.4;593.8;348;201;120;54;676;8;775;2
CHU;Coire;1999;8760;10.022;-13.6;32.9;17.794;25.9;29.6;538.6;220.8;215;104;42;18;718;2;803;0
CHU;Coire;2000;8784;10.567;-13.9;32.7;18.029;27.7;30.893;968.7;448.8;321;188;89;31;695;2;790;0
CHU;Coire;2001;8760;9.853;-12.5;33.6;17.848;27.165;29.5;842.1;345.0;326;178;66;17;728;2;787;0
CHU;Coire;2002;8760;10.658;-10.4;33.5;18.527;26.665;30.479;722.8;330.3;264;137;67;26;708;4;780;0
CHU;Coire;2003;8760;10.982;-11.7;36.4;21.882;31.5;34.6;3130.9;1837.0;743;540;338;188;440;19;667;2
CHU;Coire;2004;8784;9.727;-10.8;31.0;17.98;27.0;29.5;768.6;314.6;288;166;75;7;686;3;795;0
CHU;Coire;2005;8760;9.445;-15.6;35.3;17.909;28.465;32.1;1143.5;639.3;304;203;125;61;712;4;781;1
CHU;Coire;2006;8760;10.489;-15.0;34.9;18.988;29.8;32.8;1839.2;1044.0;454;332;210;105;595;11;754;0
CHU;Coire;2007;8760;10.506;-8.9;33.7;18.14;27.165;30.993;854.2;417.7;291;154;83;34;720;3;788;0
CHU;Coire;2008;8784;10.436;-8.9;32.5;18.471;27.065;29.893;803.1;320.6;319;166;61;19;685;3;797;0
CHU;Coire;2009;8760;10.767;-12.1;34.0;19.152;27.7;30.7;1041.3;466.6;378;196;95;33;619;7;761;0
CHU;Coire;2010;8760;9.763;-10.7;33.9;18.788;28.3;31.7;1256.6;631.5;387;234;124;56;605;11;738;2
CHU;Coire;2011;8760;10.995;-8.1;34.6;18.439;27.6;31.8;1009.1;521.1;308;184;94;52;651;8;769;0
CHU;Coire;2012;8784;10.107;-17.5;34.3;18.868;28.0;31.9;1072.3;573.0;327;181;109;67;656;5;787;1
CHU;Coire;2013;8760;10.023;-8.7;35.6;18.94;28.7;33.293;1399.5;759.1;389;240;136;79;655;8;760;2
CHU;Coire;2014;8728;11.325;-8.6;34.1;17.777;26.365;31.393;696.2;348.6;220;122;65;34;750;2;799;0
CHU;Coire;2015;8760;11.058;-9.7;36.9;20.71;30.865;33.893;2345.6;1379.4;571;382;262;139;485;20;648;6
CHU;Coire;2016;8784;10.562;-9.2;31.7;18.494;27.0;30.3;822.1;359.5;306;153;77;26;675;3;799;0
CHU;Coire;2017;8760;10.613;-13.2;34.7;19.966;29.3;31.9;1668.6;877.5;476;314;181;77;554;13;724;3
CHU;Coire;2018;8760;11.957;-11.5;34.7;20.823;30.1;32.9;2140.7;1182.4;575;371;245;117;543;9;723;1
CHU;Coire;2019;8760;11.215;-8.6;35.5;20.45;30.1;33.4;1883.3;1054.3;494;330;198;113;529;17;705;7
CHU;Coire;2020;8784;11.207;-5.0;34.4;18.855;27.8;30.8;1056.1;484.4;363;209;107;35;650;4;778;1
CHU;Coire;2021;8760;10.099;-11.0;32.9;18.756;27.565;30.7;966.6;448.8;334;182;91;39;685;4;764;0
CHU;Coire;2022;8760;11.841;-8.4;34.5;20.74;29.2;33.1;1901.8;970.6;568;358;185;82;552;14;728;5
CHU;Coire;2023;8760;11.725;-6.7;37.3;20.391;30.2;33.193;1954.4;1098.0;526;335;218;117;518;22;673;4
CHU;Coire;2024;8784;11.815;-5.6;33.3;20.468;29.1;31.693;1613.4;796.3;518;297;171;64;431;23;639;3
DEM;Delémont;2012;2990;7.9;-13.6;27.9;15.629;25.69;27.595;13.2;4.0;5;3;0;0;20;0;20;0
DEM;Delémont;2013;8760;9.107;-12.6;35.0;18.083;27.5;31.879;1072.7;522.8;346;198;93;55;729;2;807;0
DEM;Delémont;2014;8760;10.496;-17.2;33.1;17.07;25.765;30.393;560.3;267.6;189;98;61;25;789;0;824;0
DEM;Delémont;2015;8760;10.242;-12.0;36.1;19.697;31.0;34.493;2269.3;1393.7;504;369;248;152;623;9;755;0
DEM;Delémont;2016;8784;9.648;-10.6;34.1;18.363;28.265;32.093;1178.9;624.3;349;218;119;57;733;2;808;0
DEM;Delémont;2017;8760;9.898;-17.1;33.2;19.204;29.3;31.493;1487.1;763.6;439;281;160;73;702;3;786;0
DEM;Delémont;2018;8760;10.792;-14.0;33.4;19.539;29.2;32.1;1582.8;820.2;475;288;169;76;708;1;784;0
DEM;Delémont;2019;8760;10.168;-10.1;35.8;19.176;29.665;33.793;1761.0;993.8;467;297;176;96;696;5;779;1
DEM;Delémont;2020;8784;10.652;-5.9;35.5;18.304;28.065;32.393;1247.3;633.6;375;230;111;61;732;1;795;0
DEM;Delémont;2021;8760;9.439;-13.4;31.0;17.773;26.3;29.5;605.8;240.8;240;129;51;14;752;1;808;0
DEM;Delémont;2022;8760;11.141;-12.5;35.4;19.827;29.7;33.4;2066.4;1125.2;558;375;221;100;692;5;797;0
DEM;Delémont;2023;8760;11.436;-10.7;35.9;19.745;29.2;33.0;1699.5;883.3;508;310;169;74;647;5;779;0
DEM;Delémont;2024;8784;10.809;-14.3;33.8;19.034;28.3;31.4;1263.4;613.7;394;244;133;50;673;3;791;0
ENG;Engelberg;1982;1873;2.684;-10.1;17.1;;;;0.0;0.0;0;0;0;0;0;0;0;0
ENG;Engelberg;1983;8760;6.606;-14.7;31.9;15.384;24.765;28.393;324.5;124.3;139;63;31;6;778;3;808;0
ENG;Engelberg;1984;8784;5.549;-15.7;29.6;13.165;21.2;25.793;93.4;32.4;43;18;9;0;817;0;826;0
ENG;Engelberg;1985;8760;5.292;-23.8;28.1;13.453;22.0;25.493;74.1;21.5;36;17;1;0;820;0;826;0
ENG;Engelberg;1986;8760;5.827;-21.0;27.8;13.394;22.4;24.593;47.2;9.0;36;8;0;0;826;0;827;0
ENG;Engelberg;1987;8760;5.656;-25.1;27.5;13.241;21.9;24.6;37.6;3.1;32;6;0;0;823;0;828;0
ENG;Engelberg;1988;8784;6.504;-14.5;27.3;13.652;22.0;24.2;27.5;2.6;26;4;0;0;812;0;819;0
ENG;Engelberg;1989;8760;6.967;-10.2;27.1;13.656;21.3;24.0;22.7;2.1;21;5;0;0;826;0;828;0
ENG;Engelberg;1990;8760;6.901;-13.3;29.1;14.113;23.1;25.593;92.1;14.4;76;13;1;0;821;0;828;0
ENG;Engelberg;1991;8760;5.786;-18.7;27.5;14.577;22.4;25.6;78.6;10.4;55;15;0;0;820;0;828;0
ENG;Engelberg;1992;8784;6.654;-15.6;28.1;14.895;23.765;26.3;137.2;20.6;97;29;1;0;813;0;816;0
ENG;Engelberg;1993;8760;6.305;-15.9;27.2;13.709;22.2;24.8;42.4;2.0;43;4;0;0;827;0;828;0
ENG;Engelberg;1994;8760;7.571;-12.1;28.8;15.484;23.7;26.379;128.2;30.1;94;24;4;0;805;0;816;0
ENG;Engelberg;1995;8760;6.242;-17.5;30.3;13.87;22.9;25.986;108.1;24.4;68;21;3;1;817;0;827;0
ENG;Engelberg;1996;8784;5.578;-16.4;26.9;13.53;21.4;23.993;23.9;1.7;22;3;0;0;828;0;828;0
ENG;Engelberg;1997;8760;6.866;-12.4;24.8;13.81;21.7;23.8;6.9;0.0;15;0;0;0;826;0;826;0
ENG;Engelberg;1998;8760;6.469;-15.5;29.7;14.736;23.9;27.4;224.0;70.0;104;51;10;0;792;0;813;0
ENG;Engelberg;1999;8760;6.387;-17.6;27.5;14.015;21.7;25.093;52.4;5.7;39;9;0;0;811;0;817;0
ENG;Engelberg;2000;8784;7.087;-18.4;27.6;14.219;22.9;25.2;63.0;8.0;56;8;0;0;813;0;821;0
ENG;Engelberg;2001;8760;6.38;-18.5;28.9;14.252;23.2;25.593;89.8;12.6;70;11;2;0;808;1;816;0
ENG;Engelberg;2002;8760;7.16;-13.9;29.9;14.775;23.2;27.4;182.6;67.9;77;39;16;0;811;0;825;0
ENG;Engelberg;2003;8760;7.207;-17.7;31.4;17.652;26.5;29.293;627.3;250.3;255;136;57;9;804;0;827;0
ENG;Engelberg;2004;8784;6.29;-13.2;26.6;14.27;22.6;25.1;55.3;1.3;52;4;0;0;819;0;826;0
ENG;Engelberg;2005;8760;5.877;-18.7;29.3;14.186;23.8;26.893;193.5;51.0;99;45;7;0;810;0;825;0
ENG;Engelberg;2006;8760;7.082;-16.6;28.4;14.976;24.8;27.2;254.7;51.7;166;53;2;0;823;0;828;0
ENG;Engelberg;2007;8760;7.057;-13.0;28.3;14.038;22.3;25.6;85.7;21.4;51;17;1;0;813;0;820;0
ENG;Engelberg;2008;8784;6.68;-13.5;27.4;14.272;22.3;24.5;48.3;8.8;37;12;0;0;824;0;828;0
ENG;Engelberg;2009;8760;6.847;-16.5;27.6;14.856;23.0;24.8;47.6;3.0;51;5;0;0;813;0;818;0
ENG;Engelberg;2010;8760;5.644;-14.8;28.6;14.583;23.9;26.5;149.8;33.2;99;28;3;0;802;1;815;1
ENG;Engelberg;2011;8760;7.552;-14.2;28.2;14.075;23.1;26.793;160.9;41.7;82;38;3;0;805;0;820;0
ENG;Engelberg;2012;8784;6.706;-21.8;28.4;15.118;23.5;26.4;155.8;33.2;93;33;3;0;809;0;823;0
ENG;Engelberg;2013;8760;6.237;-14.7;30.5;14.992;24.4;28.5;302.1;118.3;120;66;28;3;791;1;811;1
ENG;Engelberg;2014;8760;7.75;-14.0;29.6;14.109;22.5;26.6;144.1;38.1;72;31;2;0;811;0;819;0
ENG;Engelberg;2015;8760;7.783;-10.6;31.7;16.782;26.3;29.393;594.2;231.1;236;125;45;9;746;2;815;0
ENG;Engelberg;2016;8784;7.347;-14.6;29.3;14.959;23.5;26.8;166.5;46.7;91;35;9;0;818;0;827;0
ENG;Engelberg;2017;8760;7.205;-15.2;29.3;16.19;24.8;27.4;269.7;65.6;149;48;9;0;771;1;816;0
ENG;Engelberg;2018;8760;8.089;-18.2;29.4;16.233;24.0;26.6;191.8;41.2;109;37;6;0;803;0;825;0
ENG;Engelberg;2019;8760;7.676;-11.0;31.0;16.469;25.6;29.6;466.3;207.1;166;94;46;13;756;4;803;0
ENG;Engelberg;2020;8784;7.92;-10.8;28.6;15.068;23.2;25.7;106.2;18.4;75;16;3;0;803;0;828;0
ENG;Engelberg;2021;8760;6.64;-16.1;28.1;14.886;22.8;26.1;106.8;17.0;63;25;1;0;802;0;823;0
ENG;Engelberg;2022;8760;8.395;-13.1;29.6;16.764;24.6;28.1;307.6;108.0;140;63;24;0;788;0;815;0
ENG;Engelberg;2023;8760;8.297;-12.4;31.1;16.438;25.265;28.3;375.9;131.2;166;75;28;4;767;0;821;0
ENG;Engelberg;2024;8784;8.385;-13.4;29.8;16.43;24.365;26.793;205.4;45.9;129;35;6;0;785;0;823;0
GRA;Fribourg;2011;4680;11.644;-6.2;31.5;17.533;26.345;29.6;494.7;199.3;191;99;43;9;561;1;621;0
GRA;Fribourg;2012;8784;9.165;-19.3;31.2;17.882;26.5;29.193;596.0;240.2;239;125;47;11;711;4;781;0
GRA;Fribourg;2013;8760;8.51;-12.0;32.6;17.787;27.1;30.293;814.2;359.3;301;151;76;25;706;4;781;0
GRA;Fribourg;2014;8760;9.978;-11.3;30.7;16.812;24.665;28.1;303.4;104.7;135;63;24;2;791;0;825;0
GRA;Fribourg;2015;8760;9.897;-9.5;36.2;19.578;29.465;32.9;1807.0;1004.6;475;330;210;92;604;9;717;0
GRA;Fribourg;2016;8784;9.228;-12.9;31.1;17.794;26.4;29.293;640.3;239.6;265;137;53;3;724;1;804;0
GRA;Fribourg;2017;8760;9.773;-14.8;33.2;19.366;28.2;30.5;1237.1;543.4;433;255;124;32;629;8;742;2
GRA;Fribourg;2018;8760;10.272;-14.7;31.9;19.019;27.6;30.3;986.4;436.3;355;204;87;31;671;2;779;0
GRA;Fribourg;2019;8760;9.824;-10.7;34.2;19.094;28.465;32.193;1278.2;627.4;413;224;125;62;656;6;741;0
GRA;Fribourg;2020;8784;10.399;-6.4;33.5;18.24;27.3;29.793;861.9;360.7;331;169;77;16;683;3;767;1
GRA;Fribourg;2021;8760;9.024;-8.8;30.2;17.494;25.5;28.4;414.3;142.2;182;91;29;2;749;0;806;0
GRA;Fribourg;2022;8760;10.926;-10.0;34.4;19.847;28.6;32.1;1552.3;772.5;486;289;150;76;652;7;739;2
GRA;Fribourg;2023;8701;10.91;-12.5;36.0;19.633;28.4;32.693;1313.2;667.7;419;236;122;62;589;11;736;0
GRA;Fribourg;2024;8784;10.442;-11.0;32.4;19.113;27.465;29.293;910.7;352.8;359;198;66;11;611;7;760;0
GRE;Bienne;1992;5530;12.369;-5.2;32.0;18.086;27.8;30.5;955.2;449.3;316;191;100;33;740;0;808;0
GRE;Bienne;1993;8747;8.969;-14.0;31.9;17.199;26.63;28.9;608.1;231.0;243;137;40;8;777;0;811;0
GRE;Bienne;1994;8753;10.484;-7.6;33.3;19.205;28.8;31.5;1408.0;703.6;431;274;148;56;686;1;792;0
GRE;Bienne;1995;8760;9.32;-16.9;33.8;17.956;27.765;30.8;997.7;471.3;334;187;100;36;751;0;814;0
GRE;Bienne;1996;8784;8.369;-12.1;29.6;17.025;25.5;27.993;413.8;118.8;218;93;21;0;797;0;826;0
GRE;Bienne;1997;8760;9.367;-9.3;31.3;17.415;26.465;28.993;593.3;215.1;260;127;43;4;780;0;827;0
GRE;Bienne;1998;8723;9.303;-14.4;34.4;18.175;28.065;32.1;1103.9;563.1;341;198;111;48;722;0;809;0
GRE;Bienne;1999;8749;9.379;-13.4;31.4;17.628;25.565;27.8;420.5;121.7;202;88;22;3;762;0;826;0
GRE;Bienne;2000;8667;10.025;-13.6;30.6;17.628;27.0;29.2;694.3;280.5;272;149;63;4;762;0;801;0
GRE;Bienne;2001;8755;9.716;-17.9;31.1;17.936;27.3;29.596;830.1;342.5;311;180;80;9;771;0;820;0
GRE;Bienne;2002;8760;10.026;-9.3;33.1;18.172;27.265;30.393;846.4;385.1;293;165;77;27;762;0;807;0
GRE;Bienne;2003;8753;10.004;-16.5;35.4;21.304;30.7;33.6;2717.2;1510.5;693;499;287;132;619;2;778;0
GRE;Bienne;2004;8784;9.319;-13.3;31.3;17.617;26.4;28.6;599.1;215.6;257;124;46;8;757;1;811;0
GRE;Bienne;2005;8747;9.012;-16.4;34.2;18.073;27.91;31.001;1015.6;541.4;280;187;110;51;756;0;804;0
GRE;Bienne;2006;8751;9.684;-14.9;33.7;18.403;28.9;32.002;1351.6;694.4;403;256;144;63;686;2;786;0
GRE;Bienne;2007;8735;9.976;-8.2;31.2;17.432;25.8;28.593;480.4;163.8;228;99;29;12;762;1;817;0
GRE;Bienne;2008;8784;9.408;-9.2;31.5;17.961;26.7;29.493;733.4;272.3;311;150;56;15;725;1;815;0
GRE;Bienne;2009;8603;9.747;-13.7;33.4;18.524;27.5;29.7;892.4;381.7;329;183;86;18;702;1;790;0
GRE;Bienne;2010;8733;8.682;-14.3;33.6;18.286;28.1;31.3;1119.2;558.5;345;212;112;54;705;0;794;0
GRE;Bienne;2011;8736;10.327;-9.4;33.2;17.826;27.3;30.996;833.0;412.0;262;157;86;41;736;1;809;0
GRE;Bienne;2012;8784;9.719;-15.3;33.5;18.595;27.3;30.4;892.4;414.4;323;169;83;35;717;0;803;0
GRE;Bienne;2013;8659;9.467;-14.8;34.2;18.774;28.165;31.0;1206.7;572.0;395;238;115;49;675;4;787;0
GRE;Bienne;2014;8760;10.581;-14.2;32.1;17.757;26.0;29.793;581.8;249.7;220;110;53;20;786;0;824;0
GRE;Bienne;2015;8760;10.56;-9.8;37.0;20.46;31.0;34.2;2469.7;1485.9;574;412;276;172;583;10;727;1
GRE;Bienne;2016;8784;9.967;-9.4;32.6;18.831;27.965;31.0;1134.3;535.8;362;222;108;44;673;3;785;0
GRE;Bienne;2017;8694;10.079;-12.3;33.3;19.736;29.0;31.2;1515.0;724.0;486;300;152;61;652;5;769;1
GRE;Bienne;2018;8724;11.169;-12.3;33.0;20.204;29.1;31.5;1640.7;803.5;520;313;172;72;637;6;769;0
GRE;Bienne;2019;8722;10.296;-6.9;36.3;19.763;29.5;33.731;1758.4;960.6;475;319;169;91;629;7;743;1
GRE;Bienne;2020;8784;10.741;-5.0;34.0;18.837;28.0;30.6;1163.0;539.1;397;233;110;39;696;2;785;0
GRE;Bienne;2021;8717;9.64;-10.1;31.0;18.529;26.8;29.6;719.2;293.3;278;150;68;14;729;2;793;0
GRE;Bienne;2022;8760;11.408;-9.3;35.8;20.542;29.465;32.993;1989.6;1023.5;576;375;202;81;624;7;771;0
GRE;Bienne;2023;8690;11.502;-8.9;34.9;20.468;29.6;33.093;1935.6;982.0;581;348;186;90;556;12;738;1
GRE;Bienne;2024;8736;10.996;-8.9;33.7;19.925;28.7;30.793;1360.8;642.6;451;267;143;41;571;9;737;0
GVE;Geneve;1981;8760;9.528;-9.3;30.6;17.432;26.165;28.893;537.5;192.6;232;114;34;8;758;0;812;0
GVE;Geneve;1982;8760;10.358;-6.3;32.1;18.516;26.7;29.5;718.7;280.5;311;142;62;14;704;3;786;1
GVE;Geneve;1983;8760;10.211;-8.1;34.6;19.929;29.4;32.993;1663.7;885.3;487;287;163;88;638;3;748;2
GVE;Geneve;1984;8784;9.455;-6.7;34.4;18.024;26.9;31.586;872.9;402.5;303;162;74;36;754;0;806;0
GVE;Geneve;1985;8760;9.098;-18.2;33.5;17.98;27.2;29.693;881.6;361.3;342;187;75;17;741;1;796;0
GVE;Geneve;1986;8760;9.803;-10.7;33.9;18.482;28.6;31.393;1332.4;662.4;415;261;142;46;686;2;764;1
GVE;Geneve;1987;8760;9.799;-14.7;32.0;17.865;27.065;30.093;754.2;341.5;271;148;72;23;707;2;794;0
GVE;Geneve;1988;8784;10.424;-5.7;33.3;18.427;27.9;30.9;976.8;489.3;311;180;103;39;714;2;783;0
GVE;Geneve;1989;8760;10.828;-7.8;34.7;19.42;27.9;30.9;1280.2;552.2;473;259;98;37;642;4;764;0
GVE;Geneve;1990;8760;10.982;-7.4;33.2;18.985;28.2;31.393;1245.8;590.8;418;240;117;50;690;0;785;0
GVE;Geneve;1991;8760;10.419;-9.3;32.8;19.735;28.5;30.6;1508.1;660.4;526;323;141;33;605;4;765;0
GVE;Geneve;1992;8784;10.83;-7.9;33.6;19.624;29.3;31.593;1519.9;803.2;433;285;168;83;565;11;731;0
GVE;Geneve;1993;8760;10.352;-9.3;31.9;18.877;28.1;29.9;1139.9;499.0;400;238;112;20;664;2;788;0
GVE;Geneve;1994;8760;11.896;-5.4;33.8;20.609;29.6;32.3;1933.3;994.2;557;375;206;86;505;15;703;1
GVE;Geneve;1995;8760;10.888;-10.0;34.7;19.378;28.2;31.558;1288.0;618.9;419;239;121;52;552;8;748;1
GVE;Geneve;1996;8784;10.02;-7.5;30.8;18.491;26.5;28.4;624.4;201.2;297;140;32;5;702;0;811;0
GVE;Geneve;1997;8760;10.962;-4.0;29.9;18.688;26.765;28.7;730.3;233.1;340;156;49;0;663;5;803;0
GVE;Geneve;1998;8760;10.874;-8.2;35.3;19.849;29.2;33.3;1743.5;923.5;502;313;169;85;582;8;732;2
GVE;Geneve;1999;8760;11.178;-6.1;32.4;19.344;26.8;29.2;753.1;286.5;314;158;52;14;571;13;757;0
GVE;Geneve;2000;8784;11.8;-9.1;34.4;19.697;28.4;30.793;1251.2;598.7;424;243;133;42;592;7;752;0
GVE;Geneve;2001;8760;11.118;-8.2;31.2;19.251;27.6;29.9;1060.7;418.6;413;229;79;19;627;2;755;0
GVE;Geneve;2002;8760;11.559;-8.2;35.1;19.633;28.665;31.4;1284.0;655.1;399;238;136;59;625;9;748;1
GVE;Geneve;2003;8760;11.833;-9.7;37.1;23.502;33.0;35.6;4365.6;2710.4;952;698;485;284;290;34;542;8
GVE;Geneve;2004;8784;11.204;-9.9;32.4;19.636;27.9;30.593;1099.7;491.5;378;227;101;35;583;8;738;1
GVE;Geneve;2005;8760;10.754;-10.7;35.5;19.994;28.965;32.5;1404.1;743.0;419;254;141;73;560;15;703;4
GVE;Geneve;2006;8760;11.234;-8.7;35.0;20.038;29.765;32.2;1926.9;1007.5;541;374;200;94;527;18;674;1
GVE;Geneve;2007;8760;11.22;-10.6;31.5;18.722;26.9;29.2;748.8;280.6;319;160;59;13;654;6;773;1
GVE;Geneve;2008;8784;10.832;-7.4;31.9;19.278;27.9;30.6;1142.7;501.5;409;242;98;33;606;9;728;2
GVE;Geneve;2009;8741;11.252;-12.1;35.7;20.029;28.56;31.7;1380.1;670.6;460;260;132;57;593;9;727;3
GVE;Geneve;2010;8760;10.114;-10.0;34.9;19.529;28.565;32.3;1434.4;735.2;428;273;141;73;592;9;726;1
GVE;Geneve;2011;8760;11.475;-6.4;33.5;18.642;27.5;31.793;985.0;470.5;327;188;87;42;675;3;772;0
GVE;Geneve;2012;8784;10.976;-11.2;34.2;19.868;28.3;31.5;1346.0;623.3;457;264;127;53;622;8;747;0
GVE;Geneve;2013;8760;10.25;-8.7;34.2;19.516;28.3;30.8;1330.5;605.6;446;274;129;41;594;11;742;1
GVE;Geneve;2014;8760;11.743;-4.0;32.9;18.51;26.0;29.286;561.1;214.9;239;105;47;9;707;1;807;0
GVE;Geneve;2015;8760;11.643;-5.2;38.4;21.666;31.6;35.0;2978.6;1821.7;673;475;327;196;466;24;635;8
GVE;Geneve;2016;8784;11.061;-5.5;33.1;19.667;28.665;31.2;1433.5;681.6;462;282;144;60;610;2;756;1
GVE;Geneve;2017;8760;11.318;-7.2;35.6;21.143;30.2;32.793;2311.0;1215.8;667;419;238;118;468;19;654;5
GVE;Geneve;2018;8760;12.319;-8.9;34.1;21.235;30.0;32.3;2104.1;1106.3;610;382;227;108;520;11;687;1
GVE;Geneve;2019;8760;11.826;-5.7;35.9;21.075;30.6;33.593;2345.0;1293.9;644;403;239;135;509;19;675;2
GVE;Geneve;2020;8784;12.167;-4.8;35.1;20.449;29.6;33.193;1958.8;1017.7;585;351;197;93;520;17;691;2
GVE;Geneve;2021;8760;10.887;-5.9;31.9;19.397;27.1;29.7;839.8;332.7;342;172;65;17;651;6;768;0
GVE;Geneve;2022;8760;12.839;-5.7;37.3;22.398;31.8;35.1;3390.6;1996.0;810;562;346;218;422;16;629;5
GVE;Geneve;2023;8760;12.721;-5.8;38.7;21.902;31.2;35.093;2938.8;1677.5;748;497;298;177;436;20;602;9
GVE;Geneve;2024;8784;12.085;-6.1;33.7;20.905;29.4;31.5;1887.7;937.4;583;364;196;76;468;18;661;3
INT;Interlaken;1981;8760;7.982;-11.3;30.7;16.0;24.7;27.4;290.0;91.9;139;60;17;2;807;0;824;0
INT;Interlaken;1982;8760;8.597;-11.6;29.4;16.566;24.865;27.6;290.0;85.3;148;62;12;0;800;0;823;0
INT;Interlaken;1983;8760;8.603;-9.5;35.3;18.248;28.0;31.6;1050.9;571.0;300;186;109;61;717;2;783;0
INT;Interlaken;1984;8784;7.78;-9.7;32.5;16.135;24.3;28.393;293.2;121.0;122;59;27;6;801;0;820;0
INT;Interlaken;1985;8760;7.732;-18.0;31.5;16.466;25.2;28.1;394.0;139.2;192;76;25;7;784;1;819;0
INT;Interlaken;1986;8760;8.067;-14.8;31.2;16.269;25.765;28.3;442.0;133.7;211;92;26;7;784;0;823;0
INT;Interlaken;1987;8760;7.987;-19.8;29.9;15.926;25.0;27.8;324.5;100.3;155;76;17;0;801;0;827;0
INT;Interlaken;1988;8784;8.768;-9.9;31.3;16.634;25.165;28.2;390.2;141.3;172;85;25;3;776;0;814;0
INT;Interlaken;1989;8760;8.658;-6.7;29.5;16.574;24.365;26.9;211.5;48.3;132;36;7;0;803;0;824;0
INT;Interlaken;1990;8760;8.922;-9.0;32.5;16.919;26.1;29.4;577.1;237.3;228;118;48;13;775;0;818;0
INT;Interlaken;1991;8760;8.414;-14.6;30.0;17.596;26.2;28.693;601.7;166.5;301;129;31;0;753;0;810;0
INT;Interlaken;1992;8784;8.733;-12.1;30.4;17.391;26.2;28.993;564.6;205.7;237;125;50;3;756;0;817;0
INT;Interlaken;1993;8760;8.552;-12.8;29.1;16.701;25.3;27.5;363.5;101.6;182;88;13;0;808;0;828;0
INT;Interlaken;1994;8760;10.061;-8.1;32.5;18.449;26.865;29.793;802.8;329.6;311;165;65;20;689;3;812;0
INT;Interlaken;1995;8760;9.063;-12.7;31.8;17.36;25.9;29.2;523.6;208.9;212;101;44;11;737;2;815;0
INT;Interlaken;1996;8784;8.341;-10.2;29.1;16.697;24.765;27.1;257.3;63.2;148;53;11;0;806;0;827;0
INT;Interlaken;1997;8760;9.145;-6.7;29.7;16.767;25.4;27.593;355.2;99.4;177;85;17;0;805;0;827;0
INT;Interlaken;1998;8760;8.899;-10.0;33.8;17.893;26.93;30.1;786.4;361.6;267;140;78;25;719;1;805;0
INT;Interlaken;1999;8760;8.808;-11.4;30.5;17.226;25.1;27.5;319.7;85.1;162;66;16;3;780;0;824;0
INT;Interlaken;2000;8784;9.436;-10.9;30.4;17.275;26.1;28.6;518.9;186.6;227;112;36;2;766;0;818;0
INT;Interlaken;2001;8760;9.13;-12.7;30.2;17.299;26.1;28.8;554.4;186.9;248;114;40;3;763;0;813;0
INT;Interlaken;2002;8760;9.436;-10.5;32.7;17.674;25.865;29.793;559.3;255.3;204;103;53;21;751;2;809;0
INT;Interlaken;2003;8760;9.63;-13.0;36.0;20.549;29.5;33.0;1908.0;1016.8;544;350;202;88;611;4;769;0
INT;Interlaken;2004;8784;8.963;-9.3;30.8;17.324;25.2;28.379;367.2;129.0;161;80;25;3;744;2;824;0
INT;Interlaken;2005;8760;8.504;-16.2;32.0;17.269;26.0;29.593;540.9;241.1;189;109;52;16;735;2;817;0
INT;Interlaken;2006;8760;9.305;-9.2;32.2;17.733;27.6;30.193;891.4;411.0;306;176;90;25;702;1;813;0
INT;Interlaken;2007;8760;9.62;-7.2;30.9;16.932;25.065;28.493;346.6;115.5;164;64;28;6;783;0;821;0
INT;Interlaken;2008;8784;9.477;-8.1;31.5;17.769;26.0;28.7;540.1;200.1;241;107;40;9;740;2;818;0
INT;Interlaken;2009;8760;9.616;-13.0;31.6;18.169;26.365;29.093;607.6;218.3;261;127;49;5;713;3;801;0
INT;Interlaken;2010;8760;8.725;-13.0;32.0;17.868;26.9;29.7;750.7;313.1;285;149;67;18;688;2;795;0
INT;Interlaken;2011;8620;10.209;-8.3;32.5;17.891;26.7;30.1;714.6;319.2;256;142;69;24;726;1;812;0
INT;Interlaken;2012;8784;9.374;-17.5;31.9;18.282;26.2;29.2;621.3;241.1;260;120;56;11;698;1;799;0
INT;Interlaken;2013;8760;9.099;-12.5;33.5;18.33;27.565;31.0;993.2;464.7;338;188;88;43;709;5;788;0
INT;Interlaken;2014;8760;10.25;-9.4;32.2;17.232;25.165;28.7;407.2;174.1;161;77;34;12;783;0;820;0
INT;Interlaken;2015;8760;10.092;-7.5;34.9;20.191;30.0;33.1;1912.4;1089.9;494;331;221;108;555;15;697;3
INT;Interlaken;2016;8784;9.532;-11.8;31.4;17.859;26.5;29.5;624.6;250.9;246;134;52;13;716;1;806;0
INT;Interlaken;2017;8760;9.589;-11.5;32.8;19.084;27.6;31.0;1037.1;465.4;366;213;92;36;635;7;774;0
INT;Interlaken;2018;8712;10.643;-11.5;32.7;19.41;27.6;30.6;1025.5;446.2;376;204;83;34;670;6;788;0
INT;Interlaken;2019;8682;10.136;-6.5;35.1;19.459;28.5;32.3;1330.3;676.9;409;238;124;66;617;9;741;1
INT;Interlaken;2020;8784;10.22;-7.6;31.6;18.04;26.4;28.693;599.1;208.1;259;130;42;7;689;3;803;0
INT;Interlaken;2021;8760;8.951;-9.6;29.1;17.473;25.4;28.2;374.6;116.1;177;81;25;0;757;0;803;0
INT;Interlaken;2022;8760;10.849;-7.3;33.6;19.964;28.3;31.4;1336.0;613.0;456;256;131;45;618;5;759;0
INT;Interlaken;2023;8760;10.745;-10.1;34.8;19.528;28.3;32.293;1266.5;638.1;408;228;121;59;594;11;752;0
INT;Interlaken;2024;8784;10.477;-8.7;31.3;19.117;27.3;29.393;836.4;336.9;321;174;73;11;601;6;775;0
LUG;Lugano;1981;8760;11.629;-5.3;28.5;20.026;25.6;27.4;469.4;82.2;325;83;9;0;456;21;693;4
LUG;Lugano;1982;8760;12.144;-3.5;33.5;20.779;26.8;28.593;913.1;262.9;462;177;37;10;414;23;641;6
LUG;Lugano;1983;8760;11.984;-2.3;36.1;21.322;28.3;30.8;1501.8;670.5;561;294;126;48;369;26;602;15
LUG;Lugano;1984;8784;11.582;-3.2;32.8;20.56;27.8;29.4;1178.7;436.1;503;241;95;9;415;29;642;4
LUG;Lugano;1985;8760;11.798;-8.9;30.1;20.619;27.1;28.493;945.9;278.1;454;217;40;1;406;30;624;5
LUG;Lugano;1986;8760;12.124;-5.4;29.5;20.541;27.0;28.5;911.8;255.6;439;201;42;0;363;37;570;12
LUG;Lugano;1987;8760;11.855;-5.1;29.7;19.86;26.665;28.193;728.3;200.4;376;160;25;0;456;27;615;8
LUG;Lugano;1988;8784;12.396;-2.9;30.1;20.284;27.4;28.9;940.1;325.5;420;202;65;0;438;27;641;6
LUG;Lugano;1989;8760;12.294;-2.5;31.7;20.414;26.6;28.093;834.0;211.2;448;165;23;7;417;23;632;7
LUG;Lugano;1990;8760;12.666;-2.8;31.2;20.813;27.2;29.3;1123.9;357.2;497;248;66;8;367;34;618;7
LUG;Lugano;1991;8760;12.341;-8.1;31.9;21.99;28.7;30.1;1950.8;825.1;693;436;177;24;238;56;425;26
LUG;Lugano;1992;8784;12.386;-2.7;31.4;20.694;28.065;29.8;1327.5;517.4;520;283;111;14;410;34;548;20
LUG;Lugano;1993;8760;12.14;-4.3;30.7;20.769;27.2;28.9;957.1;301.2;455;211;50;4;393;24;645;3
LUG;Lugano;1994;8760;13.199;-3.4;32.7;22.287;29.0;30.893;2129.1;928.1;742;455;187;48;243;49;434;23
LUG;Lugano;1995;8760;12.476;-4.1;30.7;20.78;27.9;29.4;1329.5;478.2;546;289;99;9;338;39;526;17
LUG;Lugano;1996;8784;12.114;-6.0;32.8;20.547;26.6;28.993;798.1;253.4;386;150;42;12;381;33;618;10
LUG;Lugano;1997;8760;13.011;-1.4;30.0;20.268;26.3;27.9;693.9;146.4;413;133;21;0;392;30;611;5
LUG;Lugano;1998;8760;12.467;-2.7;31.8;21.385;27.6;29.5;1308.8;428.3;586;269;84;14;309;40;519;17
LUG;Lugano;1999;8760;12.586;-3.6;29.6;20.825;26.4;28.0;673.1;149.9;389;137;22;0;310;38;605;8
LUG;Lugano;2000;8784;12.971;-4.6;30.8;20.999;26.9;28.693;922.9;265.2;479;184;49;3;327;29;652;5
LUG;Lugano;2001;8760;12.775;-4.1;30.2;21.153;27.4;28.9;1131.8;361.2;526;248;58;1;311;42;544;14
LUG;Lugano;2002;8760;13.158;-3.6;31.2;21.315;27.4;29.793;1104.4;365.8;512;219;69;19;245;42;575;16
LUG;Lugano;2003;8760;13.766;-3.0;35.3;24.596;30.9;33.0;3991.3;2078.8;1167;746;429;188;52;78;195;48
LUG;Lugano;2004;8784;12.657;-2.1;32.0;21.444;27.4;29.393;1154.9;384.4;536;241;67;10;284;40;551;11
LUG;Lugano;2005;8760;12.618;-5.4;32.0;21.714;28.3;30.3;1609.0;640.0;631;341;135;31;310;38;507;18
LUG;Lugano;2006;8760;13.109;-3.2;33.1;21.898;29.1;31.093;1941.3;897.5;651;390;187;56;284;48;475;21
LUG;Lugano;2007;8760;13.585;-2.5;31.3;21.056;27.8;30.193;1231.9;485.3;513;244;99;30;347;31;599;10
LUG;Lugano;2008;8784;12.669;-3.8;31.0;21.017;27.3;28.7;1079.2;331.3;505;249;47;4;329;31;582;8
LUG;Lugano;2009;8760;13.227;-5.0;30.7;21.964;27.7;29.493;1491.9;499.7;648;342;82;11;254;43;478;16
LUG;Lugano;2010;8760;12.172;-4.7;31.2;21.892;28.4;29.893;1606.0;623.1;647;332;143;19;272;43;476;23
LUG;Lugano;2011;8760;13.588;-2.5;32.3;21.175;27.7;30.8;1279.7;483.7;527;261;92;30;379;28;575;14
LUG;Lugano;2012;8784;13.28;-8.3;32.7;22.746;28.7;30.7;2335.7;968.7;840;507;206;42;197;57;379;23
LUG;Lugano;2013;8760;12.886;-2.2;32.1;22.223;29.0;31.2;2153.8;929.4;762;447;199;55;260;49;476;21
LUG;Lugano;2014;8760;13.503;-1.6;31.0;20.171;26.5;29.193;716.5;248.4;329;141;55;9;464;25;682;3
LUG;Lugano;2015;8760;13.823;-1.3;33.2;23.171;30.4;31.8;2961.3;1480.7;890;582;316;129;196;55;394;30
LUG;Lugano;2016;8784;13.333;-2.4;31.0;21.678;28.0;29.593;1526.9;554.3;627;341;109;12;264;44;513;13
LUG;Lugano;2017;8760;13.458;-3.6;32.7;22.875;28.8;31.2;2413.1;981.6;874;516;189;55;161;60;382;31
LUG;Lugano;2018;8760;13.945;-6.0;32.3;22.992;29.1;31.0;2497.6;1086.6;878;528;232;55;191;53;388;21
LUG;Lugano;2019;8760;13.892;-1.9;34.0;23.162;29.8;31.993;2686.0;1222.7;916;535;240;94;156;56;380;29
LUG;Lugano;2020;8784;13.669;-1.1;32.6;22.009;28.6;30.4;1958.1;808.0;720;412;173;29;235;51;447;21
LUG;Lugano;2021;8760;13.158;-3.0;33.1;22.046;28.1;30.293;1696.1;641.2;661;369;114;25;264;42;501;15
LUG;Lugano;2022;8760;14.433;-1.5;33.7;23.953;30.6;32.793;3695.7;1922.9;1048;714;411;153;106;67;300;35
LUG;Lugano;2023;8760;14.282;-1.9;33.3;22.77;29.5;31.393;2301.0;1001.0;827;467;196;73;216;54;410;27
LUG;Lugano;2024;8784;13.901;-1.7;32.8;22.918;29.8;31.4;2652.4;1274.4;857;515;296;78;206;60;330;43
LUZ;Lucerne;1981;8760;9.027;-9.7;29.2;16.847;25.565;28.0;396.9;123.4;180;87;21;0;765;0;819;0
LUZ;Lucerne;1982;8760;9.569;-11.0;30.4;17.809;25.765;28.5;469.5;156.4;220;103;29;3;732;2;801;1
LUZ;Lucerne;1983;8760;9.719;-7.8;34.8;19.32;28.465;31.993;1259.3;647.9;394;227;127;62;632;9;748;1
LUZ;Lucerne;1984;8784;8.617;-6.5;33.5;16.993;25.0;29.2;392.7;166.1;160;74;33;13;758;0;810;0
LUZ;Lucerne;1985;8760;8.34;-18.4;32.3;17.229;25.7;28.4;471.9;182.1;202;96;32;11;741;1;807;0
LUZ;Lucerne;1986;8760;8.817;-14.5;32.2;17.317;26.3;28.8;608.2;203.4;270;131;39;4;715;1;801;0
LUZ;Lucerne;1987;8760;8.757;-19.0;30.4;16.892;25.7;28.0;396.7;125.7;178;96;21;1;723;1;813;0
LUZ;Lucerne;1988;8784;9.928;-8.0;32.0;17.65;26.0;28.3;485.8;170.0;215;103;28;6;731;2;798;0
LUZ;Lucerne;1989;8760;9.807;-4.5;30.3;17.508;25.2;28.1;358.4;104.6;196;68;24;2;739;1;816;0
LUZ;Lucerne;1990;8760;9.973;-8.2;32.2;17.787;26.7;29.393;731.1;281.3;295;155;58;12;734;0;803;0
LUZ;Lucerne;1991;8760;9.584;-10.2;31.6;18.747;26.7;29.1;774.9;270.0;348;156;51;16;586;11;764;0
LUZ;Lucerne;1992;8784;10.176;-9.0;31.6;19.016;27.7;30.3;955.9;431.5;330;195;99;31;589;14;748;1
LUZ;Lucerne;1993;8760;10.003;-8.9;30.9;18.059;26.3;28.4;531.6;180.0;225;126;32;4;638;2;800;0
LUZ;Lucerne;1994;8760;11.301;-6.7;33.0;19.795;28.1;30.9;1245.7;564.1;424;256;116;36;504;19;717;0
LUZ;Lucerne;1995;8760;10.015;-10.0;33.2;18.396;27.2;30.093;812.1;345.4;297;164;79;23;598;10;775;1
LUZ;Lucerne;1996;8784;8.683;-10.3;29.9;17.459;25.565;27.793;384.0;103.3;200;79;15;0;759;0;820;0
LUZ;Lucerne;1997;8760;9.821;-9.4;29.5;17.658;26.0;27.893;475.3;130.8;231;107;22;0;755;1;820;0
LUZ;Lucerne;1998;8760;9.846;-7.5;33.6;18.589;27.565;31.1;937.4;460.0;308;177;96;40;633;6;769;0
LUZ;Lucerne;1999;8760;9.683;-11.5;31.1;17.843;25.3;27.9;382.5;122.5;181;78;20;7;712;3;814;0
LUZ;Lucerne;2000;8784;10.417;-8.6;30.6;18.0;26.665;28.8;641.8;234.9;272;144;47;4;701;1;796;0
LUZ;Lucerne;2001;8760;9.99;-12.0;31.0;18.182;27.1;29.3;796.4;305.2;318;169;65;9;696;1;794;0
LUZ;Lucerne;2002;8760;10.46;-8.4;33.2;18.621;27.2;30.393;825.7;387.2;274;156;82;28;705;6;775;2
LUZ;Lucerne;2003;8760;10.451;-9.3;35.3;21.75;30.4;33.593;2519.1;1346.6;705;458;251;125;416;18;682;1
LUZ;Lucerne;2004;8784;9.799;-8.5;30.4;18.107;26.2;28.493;543.3;186.6;239;121;34;2;678;6;800;0
LUZ;Lucerne;2005;8760;9.546;-14.1;32.7;18.099;27.2;30.7;814.8;393.6;266;160;82;33;693;3;781;0
LUZ;Lucerne;2006;8760;10.144;-7.5;33.2;18.834;28.7;31.293;1411.7;698.2;425;284;149;55;584;10;736;1
LUZ;Lucerne;2007;8760;10.427;-7.5;32.6;17.74;25.7;29.086;486.5;181.7;212;93;39;10;693;3;801;0
LUZ;Lucerne;2008;8784;9.893;-7.6;31.6;18.23;26.2;28.893;589.3;210.3;259;119;43;13;668;5;792;0
LUZ;Lucerne;2009;8760;10.231;-15.2;31.6;18.728;26.965;28.7;694.7;254.9;291;155;43;7;631;2;783;1
LUZ;Lucerne;2010;8760;9.228;-11.1;32.2;18.43;27.5;30.3;915.6;403.2;322;192;84;27;587;11;753;0
LUZ;Lucerne;2011;8760;10.726;-7.9;32.6;17.969;26.5;30.7;703.1;337.8;234;134;71;33;687;5;793;0
LUZ;Lucerne;2012;8784;10.111;-13.7;33.0;18.965;26.765;30.3;814.2;354.7;313;149;80;26;642;7;777;1
LUZ;Lucerne;2013;8760;9.584;-9.2;34.5;18.864;27.765;31.9;1098.1;523.8;371;201;100;47;622;6;750;0
LUZ;Lucerne;2014;8760;10.936;-8.3;33.2;17.794;25.465;29.8;504.9;239.4;176;97;51;19;753;0;813;0
LUZ;Lucerne;2015;8760;10.837;-6.4;34.4;20.562;30.0;33.193;2012.9;1126.8;544;341;224;109;478;23;651;8
LUZ;Lucerne;2016;8784;10.307;-7.7;31.6;18.778;27.3;30.3;862.0;380.4;312;174;84;29;591;11;753;0
LUZ;Lucerne;2017;8760;10.462;-9.0;33.5;19.789;28.2;31.193;1251.9;579.3;441;247;118;45;537;13;726;2
LUZ;Lucerne;2018;8760;11.501;-10.4;33.7;20.598;28.8;31.7;1578.3;780.9;509;301;160;64;517;12;696;4
LUZ;Lucerne;2019;8760;10.929;-5.8;34.6;20.226;29.165;33.0;1661.3;848.7;498;304;150;80;543;15;680;5
LUZ;Lucerne;2020;8784;11.103;-4.5;32.6;18.922;27.3;29.593;877.8;349.0;338;186;74;13;626;10;758;1
LUZ;Lucerne;2021;8760;9.866;-7.8;30.7;18.384;26.5;29.493;645.3;247.6;264;138;51;10;700;5;779;0
LUZ;Lucerne;2022;8760;11.69;-7.1;33.5;20.513;28.7;32.1;1570.3;735.7;526;309;141;60;548;13;707;2
LUZ;Lucerne;2023;8760;11.65;-8.2;35.1;20.489;29.1;32.2;1583.1;788.0;516;289;161;71;502;16;670;6
LUZ;Lucerne;2024;8784;11.252;-7.5;32.0;19.948;27.9;29.9;1119.8;478.6;403;229;106;18;450;26;704;2
MAG;Bellinzone;1981;8760;10.814;-8.9;31.1;19.81;26.6;28.293;817.4;204.0;440;169;30;4;560;10;756;1
MAG;Bellinzone;1982;8760;11.208;-7.7;33.7;20.328;27.265;28.8;1072.4;341.8;489;229;55;8;520;9;752;2
MAG;Bellinzone;1983;8760;10.997;-8.9;36.7;21.098;28.765;30.893;1687.9;763.3;599;339;156;49;487;15;697;0
MAG;Bellinzone;1984;8784;10.413;-8.8;30.8;19.786;27.3;28.9;986.3;318.1;484;193;64;6;588;6;762;0
MAG;Bellinzone;1985;8760;10.609;-11.7;29.9;19.931;27.4;28.8;1003.3;329.8;439;232;56;0;572;11;753;0
MAG;Bellinzone;1986;8760;11.143;-11.3;30.0;20.212;27.5;29.1;1162.2;390.6;502;259;80;0;497;20;673;4
MAG;Bellinzone;1987;8760;11.023;-9.2;30.0;19.607;27.1;28.5;927.0;278.8;431;217;54;0;531;18;686;5
MAG;Bellinzone;1988;8784;11.641;-5.4;30.8;20.039;27.3;28.5;1006.9;315.5;455;236;47;1;544;12;735;1
MAG;Bellinzone;1989;8760;11.506;-6.4;32.3;20.534;27.5;28.8;1235.4;396.5;553;274;63;8;486;15;717;2
MAG;Bellinzone;1990;8760;11.602;-10.7;30.9;20.534;27.565;29.493;1291.7;436.0;555;289;73;11;542;12;723;2
MAG;Bellinzone;1991;8760;11.64;-14.9;32.2;21.762;29.3;30.5;2266.1;1043.9;740;483;236;45;328;36;571;7
MAG;Bellinzone;1992;8784;11.951;-5.6;32.4;21.142;29.3;30.7;1912.6;897.0;626;381;205;49;416;32;582;17
MAG;Bellinzone;1993;8760;11.774;-7.5;29.9;20.794;27.4;28.6;1123.5;341.7;515;256;58;0;437;16;708;2
MAG;Bellinzone;1994;8760;12.88;-4.2;32.4;22.34;29.2;30.793;2283.6;1022.8;766;476;231;53;249;45;536;7
MAG;Bellinzone;1995;8760;12.361;-8.0;33.3;21.285;29.3;31.193;2107.9;1022.8;640;443;233;61;338;37;574;10
MAG;Bellinzone;1996;8784;11.945;-7.7;34.0;21.157;28.4;30.686;1544.8;656.1;562;314;132;32;386;25;660;5
MAG;Bellinzone;1997;8760;11.98;-4.8;30.3;20.034;27.0;28.7;974.5;269.1;478;213;38;4;504;17;728;2
MAG;Bellinzone;1998;8760;11.503;-7.1;31.6;21.275;28.1;30.1;1617.1;627.5;627;352;119;24;376;29;640;5
MAG;Bellinzone;1999;8760;11.807;-7.2;29.6;20.623;26.8;28.2;879.3;220.1;469;188;27;0;430;20;699;1
MAG;Bellinzone;2000;8784;12.093;-7.1;30.1;20.775;27.5;29.0;1191.8;364.7;543;253;68;1;472;13;732;1
MAG;Bellinzone;2001;8760;11.625;-9.8;30.7;20.487;27.6;29.0;1230.4;412.2;531;291;73;6;472;17;710;3
MAG;Bellinzone;2002;8760;11.869;-11.2;31.9;20.73;27.865;30.293;1346.7;502.4;535;288;101;26;475;15;703;6
MAG;Bellinzone;2003;8760;12.519;-6.8;35.2;23.888;31.5;33.293;4144.5;2364.6;1022;739;493;245;196;39;445;16
MAG;Bellinzone;2004;8784;11.82;-8.2;30.9;21.021;27.9;29.693;1335.1;482.9;559;292;93;9;432;21;706;0
MAG;Bellinzone;2005;8760;11.671;-11.4;31.3;21.247;28.6;30.2;1675.6;696.2;615;366;158;32;464;22;634;5
MAG;Bellinzone;2006;8760;11.828;-9.7;33.3;21.36;29.7;31.593;2221.6;1114.6;652;441;245;88;443;23;633;4
MAG;Bellinzone;2007;8760;12.34;-6.9;32.6;20.297;28.2;30.8;1375.8;577.9;529;272;122;46;572;6;767;0
MAG;Bellinzone;2008;8784;11.695;-9.5;31.3;20.743;28.4;29.9;1545.4;631.3;569;334;140;21;477;17;744;0
MAG;Bellinzone;2009;8760;12.209;-8.9;31.5;21.295;28.5;30.093;1849.8;759.1;653;418;161;23;432;18;701;1
MAG;Bellinzone;2010;8760;11.449;-9.5;33.0;21.537;29.3;31.0;2058.6;973.8;667;431;224;64;406;23;612;8
MAG;Bellinzone;2011;8760;12.288;-6.5;31.5;20.444;28.0;30.393;1360.3;556.2;493;290;110;34;511;12;728;0
MAG;Bellinzone;2012;8784;11.929;-15.4;32.7;21.592;29.1;30.9;2164.5;967.8;706;464;206;50;399;21;660;3
MAG;Bellinzone;2013;8760;11.709;-5.1;32.3;21.162;29.1;31.1;2018.0;926.0;671;420;197;55;496;15;715;1
MAG;Bellinzone;2014;8760;12.465;-4.2;31.4;19.842;27.3;29.8;914.4;366.2;372;183;84;17;599;5;781;0
MAG;Bellinzone;2015;8760;12.434;-4.8;34.3;22.425;30.965;32.793;3046.5;1685.2;802;559;354;166;380;29;574;10
MAG;Bellinzone;2016;8784;12.141;-6.9;31.8;21.117;28.7;30.5;1767.6;783.3;601;381;167;36;444;18;699;2
MAG;Bellinzone;2017;8760;12.124;-8.5;33.6;22.118;29.6;31.8;2566.7;1235.9;782;520;258;94;346;28;585;7
MAG;Bellinzone;2018;8760;13.032;-5.8;33.0;22.624;30.3;32.2;3052.2;1595.0;841;596;347;133;335;21;597;5
MAG;Bellinzone;2019;8760;12.806;-6.3;35.8;22.462;30.365;32.693;2773.1;1446.9;776;535;296;125;324;30;556;14
MAG;Bellinzone;2020;8784;12.494;-9.5;33.0;21.528;29.6;31.793;2414.0;1209.5;715;490;269;81;427;19;652;3
MAG;Bellinzone;2021;8760;12.006;-7.8;34.1;21.256;28.9;31.0;1873.9;839.2;635;396;173;49;474;15;709;4
MAG;Bellinzone;2022;8760;13.171;-5.6;34.3;23.108;31.0;33.1;3617.4;2036.0;910;662;430;183;280;35;535;7
MAG;Bellinzone;2023;8760;13.315;-6.1;34.2;22.417;30.3;32.9;2711.6;1397.8;783;509;280;125;330;34;549;12
MAG;Bellinzone;2024;8784;12.682;-6.1;33.1;22.432;30.5;31.893;2847.5;1536.0;781;539;337;157;316;39;540;13
NEU;Neuchatel;1981;8760;9.447;-8.4;30.3;17.442;25.4;28.093;385.2;109.2;197;75;23;1;706;1;794;0
NEU;Neuchatel;1982;8760;10.155;-6.4;30.2;18.32;25.865;28.4;480.3;166.1;228;103;29;1;665;9;762;2
NEU;Neuchatel;1983;8760;10.144;-7.1;34.1;20.188;28.9;32.193;1476.6;739.3;484;267;146;70;532;18;674;7
NEU;Neuchatel;1984;8784;9.348;-6.7;30.8;18.011;25.5;28.8;450.3;161.2;220;85;34;6;702;4;788;0
NEU;Neuchatel;1985;8760;9.352;-17.5;32.2;18.249;26.5;29.293;708.0;271.3;301;144;59;15;668;3;775;0
NEU;Neuchatel;1986;8760;9.583;-12.6;31.9;18.182;27.0;29.4;822.8;311.4;344;174;63;13;617;7;741;0
NEU;Neuchatel;1987;8760;9.475;-16.1;29.6;17.407;25.465;27.5;377.2;103.6;192;89;15;0;643;7;775;0
NEU;Neuchatel;1988;8784;10.258;-6.6;31.8;18.139;26.265;28.6;532.6;203.2;219;119;42;7;675;6;774;0
NEU;Neuchatel;1989;8760;10.674;-4.3;31.3;18.984;26.3;29.2;647.1;220.8;301;133;43;8;585;7;736;1
NEU;Neuchatel;1990;8760;11.073;-4.9;31.9;19.072;27.4;30.093;973.0;387.0;379;207;73;23;580;10;736;0
NEU;Neuchatel;1991;8760;10.21;-10.5;31.2;19.366;26.9;28.9;873.0;275.0;410;197;44;6;516;17;697;2
NEU;Neuchatel;1992;8784;10.801;-8.5;32.4;19.501;27.7;30.4;1020.9;459.7;360;196;97;30;501;22;648;7
NEU;Neuchatel;1993;8760;10.338;-10.3;31.4;18.583;26.6;28.6;608.6;213.1;258;145;34;4;575;11;765;0
NEU;Neuchatel;1994;8760;11.649;-5.4;32.0;20.44;28.3;30.686;1250.6;536.8;458;255;122;35;377;34;599;8
NEU;Neuchatel;1995;8760;10.354;-9.1;33.5;18.825;27.2;29.6;869.8;359.2;334;168;80;17;525;15;705;1
NEU;Neuchatel;1996;8784;9.39;-10.1;29.2;17.924;24.8;27.193;279.1;58.1;178;54;8;0;687;2;799;0
NEU;Neuchatel;1997;8760;10.379;-7.6;29.8;18.0;25.4;27.293;355.5;77.3;213;77;7;0;641;5;795;0
NEU;Neuchatel;1998;8760;10.408;-7.4;33.5;19.178;27.6;31.1;1011.5;467.1;351;196;94;39;531;13;705;5
NEU;Neuchatel;1999;8760;10.341;-8.2;30.2;18.319;24.8;27.086;264.7;60.9;170;49;10;1;656;5;777;0
NEU;Neuchatel;2000;8784;10.978;-10.2;29.9;18.55;26.5;28.793;625.0;219.4;276;132;51;0;632;4;766;0
NEU;Neuchatel;2001;8760;10.495;-11.0;31.1;18.765;26.765;28.893;709.3;245.0;326;154;43;6;580;9;733;0
NEU;Neuchatel;2002;8760;10.955;-6.9;32.5;19.027;26.9;29.9;749.5;328.3;277;149;71;19;604;10;738;4
NEU;Neuchatel;2003;8760;11.115;-9.5;35.7;22.604;31.3;33.9;2985.7;1628.0;808;538;303;159;281;36;510;18
NEU;Neuchatel;2004;8784;10.3;-5.5;30.8;18.461;25.9;28.193;496.8;143.4;254;104;25;7;612;8;763;0
NEU;Neuchatel;2005;8760;10.103;-11.6;33.6;19.004;27.5;30.586;885.8;425.0;296;177;92;28;607;11;727;1
NEU;Neuchatel;2006;8760;10.694;-6.8;33.3;19.393;28.3;31.2;1278.7;621.3;410;247;126;55;489;22;648;5
NEU;Neuchatel;2007;8760;10.852;-6.3;30.2;17.922;24.8;27.5;291.5;82.0;159;54;17;1;663;8;765;2
NEU;Neuchatel;2008;8784;10.318;-6.5;30.5;18.634;26.0;28.479;544.1;158.9;271;107;27;5;572;13;720;3
NEU;Neuchatel;2009;8711;10.956;-9.4;33.1;19.436;26.7;29.193;769.1;275.7;327;161;53;11;555;11;716;1
NEU;Neuchatel;2010;8760;9.812;-9.0;32.7;19.136;27.8;30.393;996.9;447.4;352;197;95;30;553;14;694;3
NEU;Neuchatel;2011;8760;11.325;-6.0;32.3;18.371;26.6;29.8;647.3;276.5;244;127;53;19;620;9;738;0
NEU;Neuchatel;2012;8784;10.632;-12.6;32.4;19.267;26.7;29.6;740.2;294.0;322;139;66;14;558;14;705;3
NEU;Neuchatel;2013;8760;10.067;-6.0;33.5;19.504;27.4;30.1;1028.7;416.6;394;204;94;25;505;20;662;4
NEU;Neuchatel;2014;8760;11.379;-7.8;30.8;18.187;25.2;28.586;370.3;129.4;171;75;26;3;689;2;793;0
NEU;Neuchatel;2015;8760;11.536;-5.0;37.1;21.237;30.3;33.093;2256.3;1258.8;594;399;249;129;423;33;567;14
NEU;Neuchatel;2016;8784;10.846;-5.8;31.5;19.484;27.3;29.893;979.3;382.6;393;202;80;20;502;17;677;4
NEU;Neuchatel;2017;8760;11.201;-9.7;33.3;20.632;28.5;31.3;1415.2;631.1;515;274;127;53;425;23;626;7
NEU;Neuchatel;2018;8760;11.829;-10.1;33.1;20.867;28.365;30.9;1417.1;635.1;501;284;128;50;434;19;620;8
NEU;Neuchatel;2019;8760;11.309;-4.5;34.9;20.576;29.0;32.6;1629.0;807.7;517;297;144;74;444;23;616;7
NEU;Neuchatel;2020;8784;11.728;-2.7;33.4;19.751;27.7;30.3;1133.6;491.3;421;225;96;33;470;16;650;5
NEU;Neuchatel;2021;8760;10.399;-7.6;30.3;18.706;25.8;28.1;462.2;137.5;226;100;24;3;628;6;740;0
NEU;Neuchatel;2022;8760;12.506;-5.1;35.0;21.932;29.8;33.2;2292.5;1155.8;702;424;226;100;350;27;553;7
NEU;Neuchatel;2023;8760;12.457;-6.3;35.0;21.498;29.3;32.693;1947.9;930.7;642;362;174;86;345;27;544;12
NEU;Neuchatel;2024;8784;11.718;-5.4;31.8;20.404;27.665;29.7;1112.9;420.7;465;232;88;16;413;29;621;6
OTL;Locarno;1981;8760;11.603;-5.4;31.0;19.903;26.0;27.893;586.3;129.5;357;109;21;5;486;22;703;5
OTL;Locarno;1982;8760;11.844;-4.1;33.3;20.256;26.7;28.393;809.6;227.4;422;164;27;8;451;21;688;5
OTL;Locarno;1983;8760;11.895;-2.5;36.6;21.283;28.4;31.2;1596.3;731.1;564;306;135;58;384;29;596;16
OTL;Locarno;1984;8784;11.095;-3.1;30.8;19.942;27.2;29.3;910.4;335.3;400;183;73;9;465;23;682;4
OTL;Locarno;1985;8760;11.478;-9.9;29.9;20.049;27.165;28.4;841.6;259.0;395;192;45;0;459;19;689;2
OTL;Locarno;1986;8760;11.877;-6.8;31.2;20.419;27.7;29.393;1122.3;405.5;468;244;88;9;415;29;603;9
OTL;Locarno;1987;8760;11.546;-7.3;29.4;19.374;26.3;27.9;618.0;152.0;341;127;14;0;491;23;642;7
OTL;Locarno;1988;8784;12.09;-2.8;30.0;19.909;26.9;28.5;798.4;242.3;376;178;42;0;464;23;678;5
OTL;Locarno;1989;8760;12.491;-1.6;32.0;20.401;26.8;28.4;868.9;245.9;443;184;39;5;410;24;646;5
OTL;Locarno;1990;8760;12.763;-3.0;31.7;20.736;27.265;29.593;1157.4;378.7;515;254;68;9;390;30;638;6
OTL;Locarno;1991;8760;12.388;-8.4;31.6;21.948;29.1;30.693;2135.9;959.9;718;456;207;51;240;53;436;25
OTL;Locarno;1992;8784;12.493;-3.0;32.0;20.651;28.5;30.4;1539.8;654.9;572;319;149;35;403;37;529;24
OTL;Locarno;1993;8760;12.285;-4.8;29.9;20.613;27.0;28.6;860.4;252.0;424;190;39;0;398;25;658;3
OTL;Locarno;1994;8760;13.045;-4.1;33.8;22.045;29.1;31.293;2063.0;930.4;692;423;192;64;246;45;519;12
OTL;Locarno;1995;8760;12.245;-4.7;31.9;20.454;27.9;29.7;1330.6;493.5;536;299;100;14;367;38;594;7
OTL;Locarno;1996;8784;11.875;-6.9;32.9;20.289;26.8;29.086;830.4;288.3;373;165;52;16;433;24;673;4
OTL;Locarno;1997;8760;12.96;-2.2;30.0;20.017;26.4;28.393;747.0;174.0;420;153;26;0;414;27;664;4
OTL;Locarno;1998;8760;12.497;-3.3;31.6;21.417;27.7;30.2;1396.2;505.4;594;290;100;25;305;41;534;16
OTL;Locarno;1999;8760;12.477;-3.5;29.1;20.492;26.4;27.9;681.8;159.6;381;147;20;0;365;33;668;2
OTL;Locarno;2000;8784;12.858;-5.1;31.0;20.766;27.0;28.693;924.3;272.7;456;194;55;3;369;32;656;4
OTL;Locarno;2001;8760;12.573;-4.5;30.6;20.81;27.4;29.193;1146.5;378.3;493;265;71;1;334;35;602;8
OTL;Locarno;2002;8760;12.729;-3.3;31.1;20.536;27.2;29.893;1023.8;358.4;451;213;68;20;419;24;650;10
OTL;Locarno;2003;8760;13.52;-4.0;37.3;24.669;31.765;33.793;4579.1;2585.1;1166;803;517;267;74;73;255;45
OTL;Locarno;2004;8784;12.559;-2.3;31.6;21.252;27.7;30.093;1234.5;458.7;524;257;93;23;301;35;604;11
OTL;Locarno;2005;8760;12.449;-5.9;31.7;21.318;28.3;30.1;1489.3;600.1;566;310;132;26;369;31;541;15
OTL;Locarno;2006;8760;13.004;-4.4;33.9;21.906;29.9;31.993;2340.4;1196.0;693;447;256;96;320;42;524;20
OTL;Locarno;2007;8760;13.539;-3.0;31.6;20.586;27.7;29.993;1127.8;440.4;481;226;92;21;428;22;649;7
OTL;Locarno;2008;8784;12.526;-4.8;30.6;20.836;27.5;29.093;1159.3;382.5;513;262;69;7;370;31;604;9
OTL;Locarno;2009;8760;13.016;-5.2;30.9;21.579;27.8;29.586;1458.7;500.1;625;332;88;15;272;41;547;12
OTL;Locarno;2010;8760;11.928;-5.2;31.7;21.665;28.6;30.3;1707.1;708.4;640;364;150;31;300;43;501;20
OTL;Locarno;2011;8760;13.477;-2.7;32.0;20.644;27.565;30.2;1117.1;413.4;479;212;79;26;439;24;614;11
OTL;Locarno;2012;8784;13.107;-9.1;33.0;22.187;28.8;31.0;2086.1;894.5;745;431;185;52;218;51;467;19
OTL;Locarno;2013;8760;12.732;-2.9;32.4;21.945;29.0;30.993;1978.1;861.3;700;412;186;53;288;44;522;15
OTL;Locarno;2014;8760;13.331;-1.1;31.5;20.042;26.9;29.493;756.1;304.8;319;148;69;15;473;20;705;2
OTL;Locarno;2015;8760;13.872;-0.9;35.6;23.092;31.0;33.1;3163.2;1712.8;881;568;338;163;218;57;404;31
OTL;Locarno;2016;8784;13.251;-2.6;30.9;21.467;27.9;29.8;1435.7;533.9;581;325;104;19;269;46;543;11
OTL;Locarno;2017;8760;13.478;-3.1;33.8;22.55;29.1;31.7;2334.8;1010.0;820;483;199;66;195;52;407;27
OTL;Locarno;2018;8760;13.852;-7.1;33.9;23.089;30.0;32.1;2871.5;1442.7;868;551;315;104;179;53;407;22
OTL;Locarno;2019;8760;13.824;-2.0;34.5;22.926;30.0;32.293;2684.6;1298.0;855;518;251;108;192;53;402;25
OTL;Locarno;2020;8784;13.764;-1.6;33.7;21.947;29.3;31.4;2179.8;1010.8;723;438;213;65;235;51;439;17
OTL;Locarno;2021;8760;12.896;-4.1;32.9;21.498;28.0;30.2;1495.0;579.4;595;318;110;26;310;36;558;14
OTL;Locarno;2022;8760;14.407;-1.8;33.8;23.636;30.4;32.493;3331.6;1674.1;993;658;354;134;120;65;319;34
OTL;Locarno;2023;8760;14.251;-2.5;33.9;22.533;29.6;32.3;2327.7;1097.1;785;446;219;84;234;50;425;24
OTL;Locarno;2024;8784;13.905;-1.7;33.5;22.941;30.1;31.793;2805.7;1410.4;851;539;317;116;197;59;336;38
PUY;Lausanne;1981;8760;10.008;-8.4;29.5;17.73;24.6;27.093;241.1;57.8;149;42;11;0;660;4;783;0
PUY;Lausanne;1982;8760;10.713;-4.5;29.1;18.579;25.2;28.1;361.7;113.8;186;77;24;0;614;12;738;3
PUY;Lausanne;1983;8760;10.505;-6.3;33.8;20.269;28.3;30.993;1257.8;588.8;438;229;122;49;474;22;634;10
PUY;Lausanne;1984;8784;9.802;-5.7;31.0;18.263;25.165;28.393;378.8;131.0;189;75;28;2;647;7;766;0
PUY;Lausanne;1985;8760;9.623;-14.8;30.7;18.123;25.5;27.7;395.6;106.7;213;82;14;2;600;8;753;1
PUY;Lausanne;1986;8760;10.056;-12.5;31.0;18.407;26.5;28.593;640.9;211.5;294;142;38;4;556;12;694;2
PUY;Lausanne;1987;8760;9.926;-16.5;29.4;17.791;25.2;27.8;341.0;97.7;172;70;13;0;602;15;733;2
PUY;Lausanne;1988;8784;10.839;-6.0;30.8;18.66;25.9;28.493;494.6;173.4;228;100;33;5;596;10;724;3
PUY;Lausanne;1989;8760;11.15;-3.0;30.0;19.213;26.0;28.293;563.3;151.4;297;110;26;0;500;15;706;3
PUY;Lausanne;1990;8760;11.201;-5.4;30.1;18.754;26.3;28.6;597.1;190.9;278;132;35;1;558;11;725;1
PUY;Lausanne;1991;8760;10.58;-9.7;29.7;19.563;26.4;28.0;688.0;162.7;372;145;21;0;434;22;678;4
PUY;Lausanne;1992;8784;11.019;-8.7;30.7;19.417;27.1;29.4;845.0;322.2;348;178;73;7;477;25;629;13
PUY;Lausanne;1993;8760;10.729;-8.1;30.9;18.822;26.1;27.9;521.3;140.1;263;113;19;2;519;18;721;0
PUY;Lausanne;1994;8760;12.13;-3.9;31.1;20.403;27.2;29.4;913.5;311.8;423;192;59;9;363;31;587;9
PUY;Lausanne;1995;8760;11.218;-8.5;32.0;19.365;26.7;28.986;733.8;257.2;333;151;43;11;416;31;648;6
PUY;Lausanne;1996;8784;10.559;-7.9;28.9;18.793;24.9;26.9;277.8;45.8;198;48;5;0;555;7;757;0
PUY;Lausanne;1997;8760;11.487;-4.5;28.7;18.867;25.2;26.9;308.1;49.4;211;57;4;0;495;20;702;1
PUY;Lausanne;1998;8760;11.361;-5.2;32.8;19.915;27.2;30.2;944.8;381.3;379;184;79;26;386;32;627;9
PUY;Lausanne;1999;8760;11.407;-8.6;30.0;19.415;25.5;27.3;373.6;81.9;221;76;9;0;476;25;690;2
PUY;Lausanne;2000;8784;11.909;-6.2;30.5;19.543;26.4;28.2;602.5;180.4;291;132;27;2;485;21;673;3
PUY;Lausanne;2001;8760;11.013;-10.0;29.6;19.13;26.2;27.893;530.4;128.0;291;119;17;0;489;19;672;3
PUY;Lausanne;2002;8760;11.542;-5.9;32.2;19.42;26.465;29.593;680.5;265.4;289;126;56;13;548;15;696;7
PUY;Lausanne;2003;8760;11.842;-8.6;36.7;23.065;30.6;34.1;2900.5;1528.5;844;527;281;127;162;61;412;23
PUY;Lausanne;2004;8784;11.043;-5.9;31.4;19.173;25.8;28.5;500.9;150.8;261;95;28;3;535;17;694;3
PUY;Lausanne;2005;8760;10.777;-9.6;32.4;19.475;27.165;29.8;815.9;351.2;301;169;72;18;533;18;676;7
PUY;Lausanne;2006;8760;11.544;-6.0;32.8;19.966;28.0;30.793;1254.6;529.2;467;260;108;34;432;31;579;13
PUY;Lausanne;2007;8760;11.685;-5.4;30.4;18.821;25.6;28.0;433.0;119.1;239;81;22;2;545;14;705;4
PUY;Lausanne;2008;8784;11.171;-3.9;30.9;19.442;26.5;28.6;700.3;217.5;332;155;37;8;507;19;637;7
PUY;Lausanne;2009;8760;11.609;-7.6;31.8;20.151;27.0;29.2;849.3;291.8;391;178;52;9;434;24;646;10
PUY;Lausanne;2010;8760;10.538;-7.7;31.7;19.784;27.8;30.093;1019.6;427.4;386;208;94;23;462;25;615;9
PUY;Lausanne;2011;8760;12.291;-4.9;33.1;18.979;26.3;29.593;614.1;233.7;274;123;45;12;543;14;684;6
PUY;Lausanne;2012;8784;11.392;-13.0;32.5;19.9;26.8;29.5;789.3;286.3;352;157;61;12;470;21;657;9
PUY;Lausanne;2013;8760;10.55;-6.1;31.2;19.664;27.0;29.0;860.1;287.0;383;176;60;9;468;23;635;10
PUY;Lausanne;2014;8760;12.0;-6.8;29.9;18.545;24.9;28.093;307.6;91.8;167;57;23;0;604;7;750;0
PUY;Lausanne;2015;8760;12.078;-5.0;35.4;21.636;30.1;32.693;2197.1;1155.6;638;407;228;119;350;38;509;22
PUY;Lausanne;2016;8759;11.413;-5.6;30.9;19.755;26.6;29.2;766.8;250.8;371;151;52;8;426;25;645;4
PUY;Lausanne;2017;8760;11.617;-7.4;32.4;20.956;27.8;30.393;1248.9;488.9;524;249;101;28;333;37;526;18
PUY;Lausanne;2018;8760;12.47;-10.5;34.1;21.366;28.3;30.8;1510.3;647.7;553;305;129;43;357;29;556;10
PUY;Lausanne;2019;8760;11.929;-3.5;33.8;20.901;28.3;31.6;1433.2;650.1;516;266;130;57;390;30;577;13
PUY;Lausanne;2020;8784;12.412;-1.3;32.8;20.131;27.6;30.1;1089.6;436.8;444;219;83;25;416;25;608;9
PUY;Lausanne;2021;8760;11.144;-6.0;30.4;19.459;26.0;28.2;497.7;153.0;245;108;29;2;541;15;684;3
PUY;Lausanne;2022;8760;13.143;-3.6;34.8;22.365;29.9;32.5;2386.5;1201.4;729;452;238;103;230;38;464;17
PUY;Lausanne;2023;8760;12.894;-5.5;35.0;21.724;29.0;32.993;1927.1;904.4;664;364;174;71;307;38;482;20
PUY;Lausanne;2024;8784;12.343;-4.5;31.4;20.846;27.4;28.8;1071.0;351.2;487;234;72;6;325;41;523;15
REH;Zurich;1990;8760;9.857;-7.3;32.2;17.598;27.2;30.093;871.7;373.3;317;177;82;23;754;0;812;0
REH;Zurich;1991;8760;8.899;-14.5;32.8;18.097;26.9;30.0;837.3;324.0;335;170;61;22;711;1;799;0
REH;Zurich;1992;8784;9.487;-12.2;33.2;18.493;28.3;31.3;1153.6;593.7;342;220;120;60;700;2;798;0
REH;Zurich;1993;8760;9.154;-11.7;31.3;17.16;26.3;28.7;563.9;204.4;219;129;40;6;760;0;821;0
REH;Zurich;1994;8760;10.615;-9.3;33.4;19.301;28.565;31.4;1394.8;671.6;432;282;137;49;623;7;771;0
REH;Zurich;1995;8760;9.437;-13.9;33.2;17.907;27.0;30.3;817.4;359.3;301;168;73;29;698;3;806;0
REH;Zurich;1996;8784;8.336;-14.3;30.6;17.26;25.6;28.193;431.0;132.4;207;88;24;3;769;0;818;0
REH;Zurich;1997;8760;9.616;-10.5;30.1;17.75;26.2;28.4;553.8;179.5;259;124;36;1;762;0;824;0
REH;Zurich;1998;8760;9.684;-11.1;34.1;18.304;27.965;32.2;1024.1;554.8;299;174;105;61;676;6;797;0
REH;Zurich;1999;8760;9.374;-15.9;31.6;17.396;25.6;28.193;424.5;144.3;193;86;24;10;747;0;821;0
SHA;Schaffhouse;1981;4593;10.364;-13.4;29.6;16.864;25.8;28.136;332.6;105.9;151;73;18;0;591;0;622;0
SHA;Schaffhouse;1982;8760;8.804;-10.6;29.4;17.075;25.8;28.093;422.2;133.2;186;101;23;0;768;0;823;0
SHA;Schaffhouse;1983;8760;9.127;-10.3;36.3;19.207;28.6;32.8;1427.6;744.4;423;259;142;67;663;5;763;1
SHA;Schaffhouse;1984;8784;8.218;-9.4;32.2;16.589;25.165;30.272;447.8;209.9;160;83;43;23;795;0;820;0
SHA;Schaffhouse;1985;8760;8.018;-22.3;32.7;16.993;26.1;29.693;592.3;255.1;230;112;53;17;769;0;817;0
SHA;Schaffhouse;1986;8760;8.321;-14.8;32.2;16.879;26.4;28.793;641.2;211.4;285;136;38;6;746;0;818;0
SHA;Schaffhouse;1987;8760;8.312;-20.7;30.5;16.542;25.665;28.7;430.9;153.4;181;95;33;4;727;3;813;0
SHA;Schaffhouse;1988;8784;9.436;-8.4;32.8;17.083;25.765;28.893;491.8;199.0;200;106;38;7;764;1;816;0
SHA;Schaffhouse;1989;8760;9.544;-9.8;32.6;17.535;25.7;28.993;508.9;188.3;234;91;37;12;769;1;820;0
SHA;Schaffhouse;1990;8760;9.903;-7.5;32.2;17.768;26.9;29.893;822.7;333.4;318;168;72;17;748;2;808;0
SHA;Schaffhouse;1991;8760;8.855;-12.8;32.1;18.178;26.9;29.893;801.0;312.4;323;164;59;20;707;3;799;0
SHA;Schaffhouse;1992;8784;9.724;-9.7;33.1;18.83;28.265;31.393;1155.0;590.1;347;218;123;67;645;5;784;0
SHA;Schaffhouse;1993;8760;9.449;-11.5;31.4;17.445;26.465;28.7;577.1;209.4;231;136;41;2;745;0;823;0
SHA;Schaffhouse;1994;8760;10.966;-8.0;32.9;19.67;28.4;30.793;1354.3;626.9;445;275;136;39;539;14;740;0
SHA;Schaffhouse;1995;8760;9.356;-13.7;33.3;18.038;27.5;30.6;910.7;407.0;318;183;81;27;685;2;797;0
SHA;Schaffhouse;1996;8784;8.293;-13.9;30.6;17.299;25.7;27.6;405.1;109.7;205;87;17;3;771;0;822;0
SHA;Schaffhouse;1997;8760;9.555;-10.7;29.9;17.614;25.8;28.3;464.2;140.2;230;97;28;0;742;0;824;0
SHA;Schaffhouse;1998;8760;9.74;-9.3;34.5;18.407;28.3;32.093;1144.1;627.0;328;186;115;75;689;6;784;0
SHA;Schaffhouse;1999;8760;9.733;-12.6;31.4;17.736;25.7;28.3;428.7;142.3;190;88;31;10;734;2;814;0
SHA;Schaffhouse;2000;8784;10.527;-12.1;31.2;18.041;27.365;29.293;743.5;319.7;260;160;74;7;716;2;811;0
SHA;Schaffhouse;2001;8760;9.605;-12.9;31.6;17.96;27.1;29.5;809.6;330.1;309;171;75;15;713;2;811;0
SHA;Schaffhouse;2002;8760;10.287;-10.1;33.6;18.566;26.765;30.693;825.1;383.2;288;146;85;28;708;6;793;0
SHA;Schaffhouse;2003;8760;10.269;-11.1;37.0;21.844;31.365;34.4;2844.3;1585.9;730;496;278;147;426;22;687;2
SHA;Schaffhouse;2004;8784;9.657;-10.5;30.7;17.983;26.765;29.1;660.0;259.4;255;144;56;7;700;5;808;0
SHA;Schaffhouse;2005;8760;9.559;-14.0;33.5;18.182;27.565;30.3;828.3;400.9;260;160;83;26;689;6;795;0
SHA;Schaffhouse;2006;8760;10.126;-9.5;33.7;18.924;29.0;32.293;1538.7;812.6;437;290;167;71;565;13;734;0
SHA;Schaffhouse;2007;8760;10.371;-7.3;33.1;17.633;25.9;29.0;531.9;210.9;221;105;43;11;735;4;803;0
SHA;Schaffhouse;2008;8784;9.789;-6.3;31.1;18.375;26.9;29.8;779.9;319.2;315;153;72;18;682;2;784;0
SHA;Schaffhouse;2009;8760;9.857;-14.3;32.4;18.453;26.6;29.3;682.1;267.1;283;138;53;14;688;1;808;0
SHA;Schaffhouse;2010;8760;8.939;-11.0;34.0;18.442;27.9;31.3;1082.3;533.0;336;206;103;50;633;9;789;0
SHA;Schaffhouse;2011;8760;10.521;-7.2;33.3;18.028;27.2;31.393;834.9;414.7;275;160;71;44;695;4;788;0
SHA;Schaffhouse;2012;8784;9.884;-15.7;32.7;18.622;26.7;30.2;777.4;347.5;284;143;77;25;684;4;802;0
SHA;Schaffhouse;2013;8760;9.386;-9.1;34.6;19.057;28.5;32.086;1297.1;665.9;394;247;134;62;620;9;750;0
SHA;Schaffhouse;2014;8760;10.85;-13.3;33.4;17.885;25.965;30.486;605.5;281.5;218;110;58;25;745;2;807;0
SHA;Schaffhouse;2015;8760;10.679;-6.7;35.4;20.372;30.565;33.793;2236.4;1324.8;537;378;259;137;523;18;687;4
SHA;Schaffhouse;2016;8784;10.059;-8.3;32.1;18.714;27.2;30.8;892.5;385.8;340;172;77;34;655;4;786;0
SHA;Schaffhouse;2017;8760;10.259;-13.5;33.4;19.91;29.2;31.793;1604.1;806.2;482;301;161;79;601;9;755;2
SHA;Schaffhouse;2018;8736;11.356;-12.5;34.5;20.623;29.4;32.386;1829.3;939.1;540;343;196;79;554;11;712;4
SHA;Schaffhouse;2019;8760;10.678;-5.3;35.7;20.164;29.5;33.793;1867.2;1026.9;498;332;184;96;582;12;721;2
SHA;Schaffhouse;2020;8784;10.81;-4.6;34.7;18.984;28.265;31.2;1214.9;590.2;391;237;121;52;675;4;774;0
SHA;Schaffhouse;2021;8760;9.558;-10.2;31.0;18.245;26.7;29.6;680.2;273.9;267;147;57;13;720;5;788;0
SHA;Schaffhouse;2022;8760;11.487;-8.2;36.3;20.89;29.8;33.193;2184.9;1155.4;620;402;215;103;569;12;737;1
SHA;Schaffhouse;2023;8760;11.48;-7.5;35.4;20.373;29.6;33.5;1790.5;952.0;527;307;176;97;558;12;726;2
SHA;Schaffhouse;2024;8784;11.108;-7.4;32.9;19.819;28.8;30.993;1321.5;652.3;422;249;153;48;546;10;743;0
SIO;Sion;1981;8760;9.2;-13.5;31.5;17.745;27.0;29.693;790.5;314.1;313;164;67;12;773;0;816;0
SIO;Sion;1982;8760;9.387;-8.3;30.3;17.846;26.965;29.3;808.9;294.3;328;180;60;5;793;0;821;0
SIO;Sion;1983;8760;9.138;-12.7;35.9;18.954;28.8;32.6;1398.9;740.0;415;249;138;64;752;0;814;0
SIO;Sion;1984;8784;8.877;-9.5;33.7;17.76;26.7;30.793;819.0;359.8;313;153;71;33;791;0;817;0
SIO;Sion;1985;8760;8.753;-17.9;32.4;17.942;26.9;29.5;822.6;303.8;332;166;63;17;769;0;820;0
SIO;Sion;1986;8760;9.458;-14.5;34.5;18.165;27.9;30.493;1146.6;516.4;384;232;102;32;730;0;809;0
SIO;Sion;1987;8760;9.309;-13.9;31.1;17.84;26.9;29.093;712.9;280.5;279;162;62;6;753;1;814;0
SIO;Sion;1988;8784;10.175;-8.4;33.1;18.684;27.8;30.3;1054.5;457.2;391;201;101;29;738;0;803;0
SIO;Sion;1989;8760;9.96;-11.0;33.8;18.859;27.3;29.793;1048.9;385.0;440;223;70;16;716;2;802;0
SIO;Sion;1990;8760;10.225;-11.5;33.3;18.755;28.0;30.5;1151.5;509.0;401;233;108;32;730;0;804;0
SIO;Sion;1991;8760;9.76;-12.5;32.1;19.553;28.165;30.3;1428.9;585.9;527;306;126;27;655;2;777;0
SIO;Sion;1992;8784;10.231;-7.7;34.1;19.392;28.665;31.0;1424.2;690.5;450;284;152;43;662;5;768;0
SIO;Sion;1993;8760;10.31;-10.8;32.8;19.03;27.7;29.6;1005.6;412.7;384;213;86;10;698;1;808;0
SIO;Sion;1994;8760;11.176;-7.6;32.3;20.102;28.8;30.9;1605.9;727.3;547;322;159;49;608;2;764;0
SIO;Sion;1995;8760;10.235;-9.8;32.6;19.122;28.065;30.686;1196.2;519.2;431;247;111;33;633;3;779;0
SIO;Sion;1996;8784;9.957;-7.5;31.4;18.811;27.0;29.5;844.5;310.5;357;173;64;14;708;1;816;0
SIO;Sion;1997;8760;10.663;-6.3;30.8;18.641;27.0;28.693;809.0;274.5;348;181;56;3;703;1;813;0
SIO;Sion;1998;8760;10.263;-9.1;33.7;19.683;28.7;31.593;1499.4;711.1;488;288;151;57;609;5;760;0
SIO;Sion;1999;8760;10.158;-14.3;31.0;18.871;26.8;29.093;749.6;268.4;314;158;50;10;710;0;813;0
SIO;Sion;2000;8784;10.775;-9.6;33.9;19.172;28.3;30.1;1220.6;542.3;432;240;126;26;691;2;788;0
SIO;Sion;2001;8760;10.391;-11.8;31.6;19.036;27.865;30.093;1153.8;474.8;417;249;97;23;694;2;792;0
SIO;Sion;2002;8760;10.924;-10.4;33.2;19.408;28.1;31.193;1175.6;552.1;404;227;114;45;671;7;773;1
SIO;Sion;2003;8760;11.32;-9.5;36.6;22.467;31.8;34.6;3532.4;2086.0;827;606;398;214;445;12;656;0
SIO;Sion;2004;8784;10.449;-9.6;34.3;19.468;28.0;31.093;1218.0;562.3;407;248;107;41;652;5;789;0
SIO;Sion;2005;8760;9.807;-15.1;34.6;19.397;28.4;32.093;1325.2;660.0;431;239;128;63;632;8;748;0
SIO;Sion;2006;8760;10.628;-12.0;35.0;19.886;29.5;32.2;1935.3;1009.1;553;365;201;91;570;7;741;0
SIO;Sion;2007;8760;10.855;-7.5;34.0;18.801;26.7;30.086;794.0;324.1;314;156;59;23;676;3;790;0
SIO;Sion;2008;8784;10.773;-9.4;31.9;19.657;28.2;30.493;1272.2;556.3;442;266;118;29;631;7;766;1
SIO;Sion;2009;8760;10.748;-10.3;35.1;20.213;29.2;32.193;1717.6;866.4;526;329;166;78;597;6;761;0
SIO;Sion;2010;8760;10.133;-10.8;35.1;19.719;29.165;31.893;1589.4;831.5;451;295;177;75;604;7;755;1
SIO;Sion;2011;8760;11.385;-9.2;35.8;19.507;29.1;33.093;1501.6;822.3;428;259;159;77;631;3;776;0
SIO;Sion;2012;8784;11.041;-12.6;36.0;20.573;29.565;33.0;1889.5;1021.0;537;332;195;101;571;10;738;0
SIO;Sion;2013;8760;10.465;-9.1;36.2;20.244;29.865;32.793;2082.8;1117.4;574;379;221;102;612;9;742;2
SIO;Sion;2014;8760;11.781;-10.6;35.2;19.241;27.865;32.079;1162.4;556.1;377;228;102;51;688;2;795;0
SIO;Sion;2015;8760;11.534;-8.0;37.4;21.896;31.9;35.1;3210.9;1980.6;719;509;350;226;464;21;643;7
SIO;Sion;2016;8784;11.177;-7.2;34.3;20.403;30.0;32.6;2038.2;1108.4;549;371;225;104;588;6;736;1
SIO;Sion;2017;8760;11.359;-11.4;36.7;21.709;30.865;33.1;2805.6;1551.6;726;524;314;147;429;19;656;3
SIO;Sion;2018;8760;12.485;-9.3;35.8;22.111;31.0;33.893;3023.9;1726.0;756;538;331;180;440;14;662;2
SIO;Sion;2019;8760;11.82;-5.8;37.5;21.709;31.265;35.0;2895.6;1683.2;704;499;296;158;450;24;654;1
SIO;Sion;2020;8784;11.629;-5.5;35.0;20.207;29.2;31.893;1856.6;919.0;567;360;188;74;604;6;775;0
SIO;Sion;2021;8760;10.344;-10.8;32.5;19.519;28.1;30.993;1174.5;537.2;417;237;118;40;683;4;785;0
SIO;Sion;2022;8760;12.236;-7.9;36.6;22.263;31.9;34.193;3547.5;2120.7;824;611;396;220;491;11;658;3
SIO;Sion;2023;8760;11.854;-12.3;36.8;21.459;30.9;34.8;2714.5;1503.5;702;484;264;143;498;11;689;1
SIO;Sion;2024;8784;11.705;-6.4;34.3;20.959;29.565;32.1;1996.7;1014.6;591;379;218;88;532;12;715;0
SMA;Zurich;1981;8760;8.745;-11.6;29.3;16.528;25.365;27.6;339.8;93.5;163;77;13;0;752;0;818;0
SMA;Zurich;1982;8760;9.364;-7.8;29.8;17.501;25.8;27.9;432.9;131.9;202;101;20;0;729;5;801;0
SMA;Zurich;1983;8760;9.425;-10.6;35.1;19.057;28.0;31.479;1145.0;568.9;365;209;110;54;646;9;740;3
SMA;Zurich;1984;8784;8.504;-9.5;33.9;16.839;25.165;29.8;436.0;199.4;164;75;42;22;760;2;807;0
SMA;Zurich;1985;8760;8.308;-19.3;31.8;16.839;25.5;28.993;462.2;185.4;192;97;37;12;742;1;802;0
SMA;Zurich;1986;8760;8.474;-15.1;32.0;16.692;25.8;28.0;475.2;140.0;241;100;22;5;719;4;797;0
SMA;Zurich;1987;8760;8.351;-20.4;30.0;16.315;25.2;28.093;341.8;107.6;163;73;23;0;730;0;802;0
SMA;Zurich;1988;8784;9.442;-8.8;31.3;16.958;25.165;28.186;370.2;126.7;168;82;23;4;753;2;807;0
SMA;Zurich;1989;8760;9.636;-8.3;30.6;17.137;24.8;27.593;283.3;82.5;155;53;17;2;744;1;817;0
SMA;Zurich;2000;8784;10.382;-11.5;31.2;17.66;26.6;28.493;570.8;203.7;235;135;34;7;682;4;803;0
SMA;Zurich;2001;8760;9.7;-14.2;30.6;17.752;26.6;28.5;603.3;208.6;262;134;36;3;696;4;801;0
SMA;Zurich;2002;8760;10.412;-8.6;33.4;18.38;26.4;30.393;675.8;319.1;240;124;66;26;689;8;768;2
SMA;Zurich;2003;8760;10.293;-9.9;35.5;21.65;30.8;33.5;2417.9;1292.5;691;432;235;130;391;25;621;6
SMA;Zurich;2004;8784;9.471;-7.5;29.5;17.661;26.0;28.3;475.2;153.1;213;107;29;0;687;2;806;0
SMA;Zurich;2005;8760;9.311;-13.8;32.3;17.633;26.8;30.093;691.1;321.1;232;135;70;23;697;5;769;1
SMA;Zurich;2006;8760;9.802;-8.5;32.6;18.325;28.265;31.093;1231.5;586.6;394;251;125;43;590;14;732;2
SMA;Zurich;2007;8760;10.13;-8.1;32.4;17.253;25.365;28.6;424.1;159.6;191;80;34;10;715;2;798;0
SMA;Zurich;2008;8784;9.648;-6.8;30.3;17.806;25.8;28.6;482.0;164.1;228;95;37;3;659;5;782;1
SMA;Zurich;2009;8760;9.923;-12.9;31.3;18.341;26.3;28.5;584.1;202.3;261;124;40;9;615;6;773;0
SMA;Zurich;2010;8760;8.842;-10.8;32.3;18.044;27.3;29.9;827.1;360.1;298;171;72;21;611;9;761;1
SMA;Zurich;2011;8760;10.509;-8.0;32.3;17.513;26.3;30.493;635.5;299.3;216;118;65;26;699;7;774;0
SMA;Zurich;2012;8784;9.759;-16.6;32.0;18.297;26.2;29.6;630.9;278.4;248;114;64;16;673;5;775;0
SMA;Zurich;2013;8760;9.141;-9.3;34.4;18.534;27.665;31.793;1030.7;497.8;342;191;94;45;619;10;747;3
SMA;Zurich;2014;8760;10.65;-11.6;33.1;17.317;25.2;29.693;442.3;206.8;155;84;41;18;754;2;796;0
SMA;Zurich;2015;8760;10.632;-7.2;34.4;20.191;29.9;33.0;1958.8;1105.7;512;345;217;107;493;26;633;10
SMA;Zurich;2016;8784;9.929;-8.5;31.8;18.314;26.8;30.193;735.7;311.7;283;140;68;25;634;7;763;1
SMA;Zurich;2017;8760;10.203;-12.5;32.4;19.524;28.2;30.7;1160.8;523.4;411;226;117;34;557;14;712;6
SMA;Zurich;2018;8760;11.148;-12.9;33.8;20.178;28.7;31.993;1463.8;726.0;459;277;146;63;536;12;681;6
SMA;Zurich;2019;8760;10.576;-5.4;34.2;19.746;28.7;32.486;1444.8;730.2;447;260;141;66;537;13;687;7
SMA;Zurich;2020;8784;10.907;-4.0;33.3;18.713;27.2;30.1;913.6;396.2;342;176;88;25;609;12;723;3
SMA;Zurich;2021;8727;9.609;-11.4;30.6;17.95;26.2;28.993;532.8;194.2;222;115;40;6;709;5;769;0
SMA;Zurich;2022;8760;11.522;-7.4;34.2;20.41;28.7;32.1;1618.5;795.0;522;309;147;72;549;13;691;4
SMA;Zurich;2023;8760;11.45;-6.9;35.1;20.06;28.6;32.4;1382.4;693.9;449;250;131;67;508;21;675;5
SMA;Zurich;2024;8784;11.05;-7.5;31.9;19.523;27.8;30.3;1029.2;452.5;360;218;96;25;466;20;708;0
STG;Saint_Galles;1981;4064;8.86;-12.9;25.6;15.249;22.9;24.5;16.5;0.0;27;0;0;0;391;0;414;0
STG;Saint_Galles;1982;8760;8.163;-10.5;26.5;16.059;23.2;25.0;57.4;1.3;73;3;0;0;743;2;802;0
STG;Saint_Galles;1983;8760;8.277;-12.5;32.2;17.318;25.8;29.393;525.6;227.8;189;104;48;14;660;7;735;4
STG;Saint_Galles;1984;8784;7.065;-10.7;32.6;14.917;22.2;26.6;168.8;72.7;61;34;13;7;755;4;795;2
STG;Saint_Galles;1985;8760;7.076;-20.0;28.3;15.236;22.8;25.893;101.8;20.0;66;21;2;0;744;3;793;0
STG;Saint_Galles;1986;8760;7.443;-18.2;28.9;15.211;23.365;25.1;78.8;13.0;67;11;3;0;724;3;783;0
STG;Saint_Galles;1987;8760;7.267;-22.2;28.7;15.036;22.9;25.293;68.4;11.6;49;12;1;0;747;2;786;1
STG;Saint_Galles;1988;8784;8.407;-10.6;28.2;15.598;23.4;25.686;95.0;13.8;76;15;1;0;704;3;779;0
STG;Saint_Galles;1989;8760;8.565;-8.5;28.2;15.532;22.6;24.893;54.7;9.2;44;10;2;0;749;2;804;0
STG;Saint_Galles;1990;8760;8.839;-10.3;29.3;16.167;24.2;26.793;216.4;49.4;123;49;9;0;713;1;795;0
STG;Saint_Galles;1991;8760;7.56;-13.9;28.8;16.466;23.6;26.4;150.8;33.9;95;28;7;0;710;3;784;1
STG;Saint_Galles;1992;8784;8.614;-12.7;29.5;17.342;25.8;27.9;447.9;133.5;226;102;21;0;621;11;705;4
STG;Saint_Galles;1993;8760;8.075;-12.5;27.7;15.692;23.5;25.4;89.7;11.8;78;14;0;0;706;1;793;0
STG;Saint_Galles;1994;8760;9.467;-9.5;29.6;17.872;25.465;27.8;393.0;95.9;233;68;19;0;568;11;729;3
STG;Saint_Galles;1995;8760;8.103;-12.1;30.0;16.035;24.4;26.6;218.1;59.3;129;41;12;0;710;3;784;1
STG;Saint_Galles;1996;8784;6.883;-15.5;27.9;15.602;22.7;24.893;49.3;6.9;39;6;0;0;759;1;817;0
STG;Saint_Galles;1997;8760;8.563;-12.4;26.4;16.001;22.765;24.5;32.9;0.5;46;2;0;0;736;2;815;0
STG;Saint_Galles;1998;8760;8.619;-10.9;30.4;16.787;25.365;27.993;396.1;132.2;182;88;21;2;668;8;739;4
STG;Saint_Galles;1999;8760;8.515;-12.4;28.1;15.886;23.2;26.0;115.5;20.4;77;21;1;0;736;2;791;0
STG;Saint_Galles;2000;8784;9.364;-13.3;30.2;16.45;24.4;26.393;176.1;35.7;128;28;5;1;674;5;768;1
STG;Saint_Galles;2001;8760;8.487;-15.2;29.6;16.482;24.6;26.8;223.8;46.3;141;42;6;0;692;5;786;0
STG;Saint_Galles;2002;8760;9.125;-10.5;30.4;16.888;24.2;27.179;218.2;63.2;118;41;14;2;669;6;742;1
STG;Saint_Galles;2003;8760;9.202;-11.5;33.0;20.227;27.7;29.9;1008.0;411.8;415;182;96;20;464;22;614;13
STG;Saint_Galles;2004;8784;8.255;-8.6;26.9;16.415;23.6;25.393;87.4;3.6;88;9;0;0;675;2;787;0
STG;Saint_Galles;2005;8760;8.126;-16.1;28.9;16.15;24.8;26.893;251.7;52.5;146;52;8;0;698;5;757;2
STG;Saint_Galles;2006;8760;8.857;-12.6;29.8;17.052;25.8;28.493;473.6;140.5;243;100;33;0;592;14;720;3
STG;Saint_Galles;2007;8658;9.019;-9.6;29.8;16.509;24.375;27.095;216.4;57.6;115;44;9;0;676;5;732;2
STG;Saint_Galles;2008;8784;8.63;-8.8;28.0;16.482;23.3;25.9;110.6;17.3;77;19;0;0;692;3;771;0
STG;Saint_Galles;2009;8760;8.891;-14.4;28.5;16.933;24.2;26.393;171.1;27.0;121;34;2;0;656;5;752;2
STG;Saint_Galles;2010;8760;7.688;-10.6;30.1;16.693;24.965;27.4;299.7;79.2;161;63;12;1;622;11;745;1
STG;Saint_Galles;2011;8760;9.493;-9.7;30.0;16.175;24.165;27.393;238.7;74.4;115;52;13;0;702;6;764;3
STG;Saint_Galles;2012;8752;8.67;-17.8;29.0;17.076;24.4;27.486;251.6;66.0;131;56;11;0;663;6;748;1
STG;Saint_Galles;2013;8760;7.998;-10.3;33.0;16.967;25.8;29.1;508.9;217.6;190;105;52;8;664;10;733;4
STG;Saint_Galles;2014;8541;9.654;-11.8;29.5;15.933;23.4;26.9;185.6;54.5;90;44;9;0;752;3;789;2
STG;Saint_Galles;2015;8760;9.67;-7.9;31.6;18.744;27.065;29.893;886.6;346.8;366;175;72;19;495;26;646;12
STG;Saint_Galles;2016;8784;8.986;-10.6;28.0;16.933;24.4;27.0;205.6;44.3;124;43;0;0;690;5;762;1
STG;Saint_Galles;2017;8760;9.106;-11.9;29.2;18.149;25.8;28.079;423.6;117.3;225;90;23;0;564;15;678;6
STG;Saint_Galles;2018;8760;9.95;-14.8;30.2;18.341;25.3;28.193;389.1;114.3;209;75;27;1;612;8;727;5
STG;Saint_Galles;2019;8760;9.504;-9.0;31.3;18.482;26.4;29.986;660.8;277.5;275;127;59;21;575;9;699;6
STG;Saint_Galles;2020;8784;9.736;-5.9;29.1;17.11;24.6;26.8;229.8;49.2;145;40;12;0;649;8;732;3
STG;Saint_Galles;2021;8733;8.358;-12.1;27.6;16.6;23.8;26.686;152.1;27.7;98;35;0;0;726;6;773;0
STG;Saint_Galles;2022;8760;10.277;-8.8;31.1;18.691;26.165;29.386;577.4;222.5;247;115;50;12;614;7;732;3
STG;Saint_Galles;2023;8760;10.287;-7.4;31.3;18.564;26.3;29.1;610.9;231.9;258;125;50;10;563;19;651;7
STG;Saint_Galles;2024;8784;10.142;-9.8;29.9;18.178;25.4;27.7;376.9;97.2;210;75;14;0;537;10;728;0
THU;Thoune;2012;273;3.111;-3.1;11.5;;;;0.0;0.0;0;0;0;0;0;0;0;0
THU;Thoune;2013;8661;8.222;-15.5;32.8;17.738;27.4;30.792;888.2;411.1;308;172;85;36;704;1;772;0
THU;Thoune;2014;8674;9.673;-13.0;30.6;16.855;25.0;29.0;378.4;154.5;151;79;35;8;798;0;826;0
THU;Thoune;2015;8579;9.424;-10.5;35.9;19.525;29.7;33.3;1836.0;1049.3;461;330;215;98;634;7;755;1
THU;Thoune;2016;8784;9.083;-15.1;31.7;17.808;27.165;30.2;821.0;365.4;291;171;78;27;750;0;806;0
THU;Thoune;2017;8760;9.305;-15.2;32.6;18.992;28.265;30.693;1209.5;551.1;410;229;117;43;697;2;797;0
THU;Thoune;2018;8760;10.279;-14.4;32.8;19.2;28.065;31.193;1208.7;566.6;411;234;111;48;742;0;809;0
THU;Thoune;2019;8760;9.729;-8.8;35.3;19.163;29.065;33.286;1490.0;787.5;428;262;142;75;694;3;779;0
THU;Thoune;2020;8784;9.907;-7.7;32.5;17.921;26.9;29.593;796.8;310.9;303;175;62;13;751;0;806;0
THU;Thoune;2021;8760;8.752;-10.8;31.0;17.623;26.5;29.0;597.9;241.6;225;132;54;6;777;0;808;0
THU;Thoune;2022;8760;10.539;-11.0;34.3;19.84;29.2;32.6;1748.0;891.8;536;326;181;69;679;5;776;0
THU;Thoune;2023;8760;10.419;-15.7;35.3;19.347;28.8;33.093;1484.6;760.2;461;265;151;69;701;1;793;0
THU;Thoune;2024;8784;10.208;-13.6;33.0;19.002;27.9;29.7;1030.1;449.3;372;212;105;17;667;2;806;0
ZER;Zermatt;1981;706;-5.304;-17.8;4.9;;;;0.0;0.0;0;0;0;0;0;0;0;0
ZER;Zermatt;1982;8760;4.169;-15.2;25.7;12.327;21.1;24.293;19.7;0.0;29;0;0;0;826;0;828;0
ZER;Zermatt;1983;8760;4.538;-15.7;31.5;13.522;23.265;28.079;236.2;95.9;90;49;23;3;815;0;827;0
ZER;Zermatt;1984;8784;3.15;-16.0;27.5;11.386;19.7;24.1;29.9;4.5;24;7;0;0;825;0;827;0
ZER;Zermatt;1985;8760;3.772;-21.7;27.1;11.81;20.9;23.8;16.2;2.6;13;4;0;0;828;0;828;0
ZER;Zermatt;1986;8760;3.824;-20.8;25.8;11.982;21.1;24.3;23.8;0.0;30;0;0;0;828;0;828;0
ZER;Zermatt;1987;8760;4.018;-24.6;25.6;11.548;21.2;23.693;10.3;0.0;15;0;0;0;819;0;821;0
ZER;Zermatt;1988;8784;4.412;-14.6;27.0;12.21;21.1;23.5;11.8;2.6;8;3;0;0;823;0;828;0
ZER;Zermatt;1989;8760;5.262;-10.8;26.1;12.166;20.3;22.8;10.4;0.1;10;1;0;0;828;0;828;0
ZER;Zermatt;1990;8760;4.914;-13.4;27.1;12.629;21.665;24.7;39.9;2.7;36;5;0;0;828;0;828;0
ZER;Zermatt;1991;8760;4.071;-19.8;27.6;12.866;21.6;23.6;20.4;2.8;15;4;0;0;827;0;828;0
ZER;Zermatt;1992;8784;4.572;-14.9;26.3;12.572;22.0;24.3;25.7;0.3;31;1;0;0;824;0;828;0
ZER;Zermatt;1993;8760;4.191;-17.2;26.9;12.043;20.8;23.186;11.9;1.6;10;2;0;0;828;0;828;0
ZER;Zermatt;1994;8760;5.123;-14.2;27.1;13.492;22.0;24.5;38.1;5.2;29;6;0;0;818;0;825;0
ZER;Zermatt;1995;8760;3.884;-17.6;27.3;12.054;21.2;23.893;30.4;4.5;22;6;0;0;828;0;828;0
ZER;Zermatt;1996;8784;3.737;-15.9;24.3;11.946;20.2;22.293;0.3;0.0;1;0;0;0;828;0;828;0
ZER;Zermatt;1997;8760;4.902;-12.1;24.4;11.769;19.965;22.3;0.0;0.0;0;0;0;0;828;0;828;0
ZER;Zermatt;1998;8760;4.426;-14.7;28.3;13.131;22.165;25.686;82.9;19.7;48;16;1;0;824;0;826;0
ZER;Zermatt;1999;8760;4.099;-18.9;25.1;12.217;19.9;22.893;2.9;0.0;5;0;0;0;827;0;828;0
ZER;Zermatt;2000;8784;4.634;-15.9;28.2;12.349;21.2;24.093;27.1;4.1;23;3;1;0;815;0;826;0
ZER;Zermatt;2001;8760;4.392;-16.5;24.8;12.196;21.065;23.793;7.3;0.0;17;0;0;0;828;0;828;0
ZER;Zermatt;2002;8760;4.699;-15.6;26.8;12.37;20.6;24.6;42.3;4.1;29;10;0;0;828;0;828;0
ZER;Zermatt;2003;8760;5.22;-18.4;28.7;15.572;24.5;27.093;245.6;54.7;136;58;4;0;823;0;828;0
ZER;Zermatt;2004;8784;4.245;-16.4;25.5;12.432;20.8;23.293;5.8;0.0;6;0;0;0;827;0;828;0
ZER;Zermatt;2005;8760;3.772;-19.0;28.9;12.608;22.4;25.593;102.2;27.1;64;17;5;0;828;0;828;0
ZER;Zermatt;2006;8760;4.985;-16.9;26.1;12.99;23.0;24.9;45.2;0.1;54;1;0;0;828;0;828;0
ZER;Zermatt;2007;8760;4.892;-14.8;23.7;11.834;20.3;22.8;0.0;0.0;0;0;0;0;827;0;828;0
ZER;Zermatt;2008;8784;4.483;-12.6;26.2;12.285;20.5;23.0;9.6;0.2;8;1;0;0;828;0;828;0
ZER;Zermatt;2009;8760;4.62;-17.4;27.1;13.491;21.9;24.0;30.1;4.1;22;6;0;0;817;0;828;0
ZER;Zermatt;2010;8760;3.642;-17.1;27.7;13.043;22.1;25.293;62.2;8.5;43;14;0;0;828;0;828;0
ZER;Zermatt;2011;8558;5.419;-14.3;28.8;12.235;21.2;25.664;83.0;17.4;52;15;4;0;772;0;774;0
ZER;Zermatt;2012;8784;4.742;-21.6;29.6;13.608;22.1;26.0;102.6;28.2;54;21;4;0;826;0;827;0
ZER;Zermatt;2013;8760;4.171;-17.7;27.0;13.001;21.9;24.7;40.4;2.9;34;7;0;0;816;1;822;0
ZER;Zermatt;2014;8760;5.205;-14.6;25.7;11.816;19.7;23.4;9.5;0.0;16;0;0;0;823;0;827;0
ZER;Zermatt;2015;8760;5.646;-12.7;29.0;14.437;23.9;26.8;179.4;40.3;106;41;4;0;826;0;828;0
ZER;Zermatt;2016;8784;5.025;-16.1;28.0;13.208;22.2;25.7;79.5;14.1;50;17;0;0;828;0;828;0
ZER;Zermatt;2017;8760;5.162;-16.9;28.0;14.46;23.365;25.493;88.9;9.2;71;14;0;0;819;0;824;0
ZER;Zermatt;2018;8641;5.848;-20.7;27.1;14.54;22.665;25.093;57.0;4.5;51;8;0;0;825;0;828;0
ZER;Zermatt;2019;8697;5.376;-14.6;29.7;14.683;23.58;27.456;215.6;77.0;96;46;16;0;788;0;803;0
ZER;Zermatt;2020;8784;5.873;-11.3;27.0;13.274;22.1;24.6;39.8;2.5;35;5;0;0;826;0;828;0
ZER;Zermatt;2021;8760;4.799;-14.5;26.7;13.12;21.3;24.3;26.3;1.7;30;3;0;0;828;0;828;0
ZER;Zermatt;2022;8699;6.622;-12.0;28.8;15.652;24.3;26.993;212.8;47.3;130;46;4;0;810;0;828;0
ZER;Zermatt;2023;8708;6.137;-15.7;30.5;14.524;24.1;27.5;236.2;80.1;115;51;16;1;816;0;827;0
ZER;Zermatt;2024;8784;6.008;-12.3;28.9;14.496;23.1;25.893;97.5;16.6;64;16;2;0;828;0;828;0
